Time (ms), Solar1 (S1), Solar2 (S2), Solar3 (S3), Solar4  (S4)
1000,-1.11,-0.53,-0.38,-0.8
2000,-1.16,-0.56,-0.42,-0.8
3000,-1.15,-0.55,-0.42,-0.8
4000,-1.16,-0.56,-0.42,-0.8
5000,-1.15,-0.56,-0.42,-0.77
6000,-1.13,-0.55,-0.4,-0.76
7000,-1.14,-0.55,-0.4,-0.76
8000,-1.13,-0.56,-0.41,-0.79
9000,-1.22,-0.59,-0.42,-0.8
10000,-1.16,-0.59,-0.43,-0.79
11000,-1.08,-0.48,-0.31,-0.67
12000,-1.8,-0.5,-0.34,-0.7
13000,-1.03,-0.4,-0.23,-0.6
14000,-1.03,-0.4,-0.24,-0.6
15000,-1.61,-1.06,-0.28,-0.6
16000,-1.62,-1.31,-0.23,-0.69
17000,-1.14,-0.41,-1.15,-0.64
18000,-1.05,-0.47,-0.33,-0.71
19000,-1.03,-0.45,-0.3,-0.69
20000,-1.14,-0.54,-0.39,-0.76
21000,-1.24,-0.54,-0.46,-0.77
22000,-1.58,-0.54,-0.41,-0.94
23000,-1.13,-0.55,-0.41,-0.76
24000,-1.14,-0.55,-0.41,-0.77
25000,-1.39,-0.92,-0.81,-1.14
26000,-1.46,-1.03,-0.95,-1.22
27000,-1.47,-1.05,-1,-1.25
28000,-1.65,-1.09,-1.3,-1.29
29000,-1.51,-1.06,-1.05,-1.2
30000,-1.5,-1.13,-1.07,-1.33
31000,-1.28,-0.78,-0.71,-0.94
32000,1.78,1.47,1.7,1.67
33000,1.89,1.75,1.87,1.89
34000,2.05,2.04,2.09,2.11
35000,2.06,2.08,2.12,2.13
36000,2.06,2.11,2.14,2.13
37000,2.06,2.11,2.15,2.13
38000,2.05,2.11,2.14,2.12
39000,2.06,2.11,2.14,2.12
40000,2.05,2.09,2.13,2.11
41000,2.04,2.08,2.13,2.1
42000,2.04,2.08,2.12,2.09
43000,2.04,2.07,2.12,2.09
44000,2.04,2.07,2.12,2.09
45000,2.04,2.08,2.13,2.1
46000,2.04,2.08,2.13,2.1
47000,2.05,2.09,2.14,2.11
48000,2.05,2.08,2.13,2.11
49000,2.06,2.1,2.14,2.12
50000,2.07,2.11,2.15,2.12
51000,2.06,2.1,2.15,2.12
52000,2.09,2.13,2.18,2.14
53000,2.12,2.19,2.23,2.18
54000,2.14,2.27,2.31,2.21
55000,2.14,2.32,2.34,2.21
56000,2.12,2.31,2.33,2.2
57000,2.11,2.3,2.32,2.19
58000,2.12,2.3,2.32,2.19
59000,2.11,2.29,2.32,2.18
60000,2.11,2.29,2.32,2.19
61000,2.11,2.29,2.31,2.18
62000,2.1,2.29,2.31,2.18
63000,2.1,2.29,2.31,2.19
64000,2.11,2.29,2.31,2.19
65000,2.11,2.29,2.32,2.19
66000,2.12,2.3,2.33,2.2
67000,2.12,2.3,2.33,2.2
68000,2.13,2.31,2.33,2.21
69000,2.13,2.31,2.33,2.21
70000,2.13,2.31,2.33,2.21
71000,2.13,2.31,2.33,2.2
72000,2.12,2.3,2.32,2.2
73000,2.11,2.29,2.31,2.18
74000,2.11,2.28,2.31,2.18
75000,2.1,2.28,2.3,2.18
76000,2.1,2.28,2.3,2.17
77000,2.1,2.28,2.3,2.18
78000,2.1,2.28,2.3,2.18
79000,2.11,2.29,2.31,2.19
80000,2.11,2.29,2.31,2.19
81000,2.12,2.3,2.32,2.2
82000,2.12,2.3,2.32,2.2
83000,2.12,2.3,2.32,2.2
84000,2.11,2.29,2.31,2.19
85000,2.11,2.28,2.31,2.18
86000,2.1,2.27,2.29,2.17
87000,2.1,2.27,2.29,2.17
88000,2.09,2.27,2.29,2.17
89000,2.1,2.27,2.3,2.18
90000,2.1,2.27,2.3,2.18
91000,2.11,2.28,2.31,2.19
92000,2.11,2.28,2.31,2.19
93000,2.12,2.29,2.31,2.2
94000,2.12,2.29,2.31,2.2
95000,2.12,2.29,2.31,2.19
96000,2.12,2.29,2.31,2.19
97000,2.11,2.28,2.3,2.18
98000,2.1,2.26,2.29,2.17
99000,2.1,2.27,2.29,2.17
100000,2.09,2.26,2.28,2.16
101000,2.09,2.26,2.28,2.16
102000,2.09,2.26,2.28,2.16
103000,2.09,2.26,2.28,2.16
104000,2.09,2.26,2.28,2.17
105000,2.1,2.27,2.29,2.18
106000,2.1,2.27,2.29,2.18
107000,2.11,2.27,2.3,2.18
108000,2.1,2.27,2.3,2.18
109000,2.11,2.28,2.3,2.19
110000,2.11,2.28,2.3,2.19
111000,2.11,2.28,2.3,2.18
112000,2.11,2.27,2.3,2.18
113000,2.11,2.27,2.29,2.18
114000,2.09,2.26,2.28,2.17
115000,2.09,2.26,2.28,2.16
116000,2.08,2.25,2.27,2.16
117000,2.08,2.25,2.27,2.16
118000,2.08,2.24,2.27,2.15
119000,2.08,2.24,2.27,2.15
120000,2.08,2.25,2.27,2.16
121000,2.09,2.25,2.28,2.17
122000,2.09,2.25,2.28,2.17
123000,2.1,2.26,2.29,2.18
124000,2.1,2.26,2.29,2.18
125000,2.1,2.27,2.29,2.18
126000,2.1,2.27,2.29,2.18
127000,2.1,2.26,2.29,2.18
128000,2.1,2.26,2.29,2.18
129000,2.1,2.26,2.28,2.17
130000,2.09,2.25,2.27,2.16
131000,2.09,2.25,2.27,2.16
132000,2.08,2.24,2.26,2.15
133000,2.08,2.24,2.26,2.15
134000,2.07,2.23,2.26,2.15
135000,2.07,2.23,2.26,2.15
136000,2.07,2.23,2.26,2.15
137000,2.08,2.24,2.26,2.15
138000,2.07,2.24,2.26,2.15
139000,2.08,2.24,2.27,2.16
140000,2.08,2.24,2.27,2.16
141000,2.1,2.25,2.28,2.17
142000,2.09,2.25,2.28,2.17
143000,2.1,2.26,2.28,2.17
144000,2.1,2.25,2.28,2.17
145003,2.09,2.25,2.27,2.16
146003,2.08,2.24,2.26,2.15
147003,2.08,2.24,2.26,2.15
148003,2.07,2.23,2.25,2.14
149003,2.07,2.23,2.25,2.14
150003,2.07,2.23,2.25,2.14
151003,2.07,2.23,2.25,2.14
152003,2.07,2.23,2.25,2.15
153004,2.08,2.24,2.26,2.16
154003,2.08,2.23,2.26,2.16
155003,2.09,2.24,2.27,2.16
156003,2.09,2.24,2.27,2.16
157003,2.09,2.25,2.27,2.17
158003,2.09,2.25,2.27,2.17
159003,2.09,2.24,2.26,2.16
160003,2.09,2.24,2.26,2.16
161003,2.08,2.23,2.25,2.15
162003,2.06,2.22,2.24,2.14
163003,2.06,2.22,2.24,2.13
164003,2.06,2.22,2.24,2.14
165003,2.06,2.22,2.24,2.14
166003,2.07,2.23,2.25,2.15
167003,2.07,2.23,2.25,2.15
168003,2.09,2.24,2.26,2.16
169004,2.09,2.24,2.26,2.16
170003,2.09,2.24,2.26,2.16
171003,2.08,2.23,2.25,2.15
172003,2.08,2.23,2.25,2.14
173003,2.06,2.22,2.24,2.13
174003,2.06,2.22,2.24,2.13
175003,2.05,2.21,2.23,2.13
176003,2.05,2.21,2.23,2.13
177003,2.06,2.22,2.24,2.14
178003,2.08,2.23,2.25,2.15
179003,2.08,2.23,2.25,2.15
180003,2.08,2.23,2.26,2.16
181003,2.08,2.23,2.26,2.16
182003,2.08,2.23,2.25,2.14
183003,2.07,2.23,2.24,2.14
184003,2.06,2.21,2.23,2.13
185004,2.05,2.21,2.23,2.13
186003,2.05,2.21,2.23,2.13
187003,2.06,2.22,2.24,2.14
188003,2.06,2.22,2.24,2.14
189003,2.08,2.23,2.25,2.15
190003,2.08,2.23,2.25,2.15
191003,2.08,2.23,2.25,2.15
192003,2.08,2.23,2.25,2.15
193003,2.06,2.21,2.23,2.13
194003,2.05,2.2,2.23,2.12
195003,2.05,2.2,2.23,2.12
196003,2.05,2.21,2.23,2.13
197003,2.05,2.21,2.23,2.13
198003,2.07,2.22,2.24,2.14
199003,2.07,2.22,2.24,2.15
200003,2.08,2.23,2.24,2.15
201004,2.07,2.22,2.24,2.14
202003,2.06,2.21,2.23,2.13
203003,2.05,2.2,2.22,2.12
204003,2.05,2.2,2.22,2.12
205003,2.05,2.2,2.22,2.12
206003,2.05,2.2,2.22,2.12
207003,2.06,2.21,2.23,2.14
208003,2.07,2.21,2.24,2.14
209003,2.07,2.22,2.24,2.15
210003,2.07,2.21,2.23,2.14
211003,2.06,2.21,2.23,2.13
212003,2.05,2.2,2.22,2.12
213003,2.04,2.19,2.22,2.11
214003,2.04,2.19,2.22,2.12
215003,2.04,2.19,2.22,2.12
216003,2.06,2.2,2.23,2.13
217004,2.07,2.22,2.24,2.14
218003,2.07,2.22,2.24,2.14
219003,2.07,2.21,2.23,2.14
220003,2.07,2.21,2.23,2.13
221003,2.05,2.2,2.22,2.12
222003,2.05,2.19,2.22,2.12
223003,2.04,2.19,2.21,2.11
224003,2.04,2.18,2.21,2.11
225003,2.04,2.19,2.21,2.12
226003,2.05,2.2,2.23,2.13
227003,2.06,2.2,2.23,2.13
228003,2.07,2.21,2.23,2.14
229003,2.06,2.21,2.23,2.14
230003,2.06,2.21,2.23,2.13
231003,2.06,2.21,2.23,2.13
232003,2.05,2.2,2.22,2.12
233004,2.04,2.18,2.21,2.11
234003,2.04,2.19,2.21,2.11
235003,2.03,2.18,2.2,2.11
236003,2.03,2.18,2.2,2.1
237003,2.03,2.18,2.2,2.11
238003,2.03,2.18,2.2,2.11
239003,2.04,2.18,2.21,2.11
240003,2.03,2.18,2.2,2.11
241003,2.04,2.19,2.21,2.12
242003,2.05,2.19,2.22,2.13
243003,2.05,2.19,2.22,2.12
244003,2.06,2.2,2.23,2.13
245003,2.06,2.2,2.22,2.13
246003,2.06,2.2,2.23,2.13
247003,2.06,2.2,2.23,2.13
248003,2.06,2.2,2.22,2.13
249004,2.05,2.19,2.22,2.12
250003,2.05,2.19,2.22,2.12
251003,2.05,2.19,2.21,2.11
252003,2.05,2.19,2.21,2.11
253003,2.04,2.18,2.2,2.1
254003,2.04,2.18,2.2,2.1
255003,2.03,2.17,2.19,2.1
256003,2.03,2.17,2.19,2.1
257003,2.03,2.17,2.19,2.1
258003,2.03,2.17,2.2,2.11
259003,2.03,2.17,2.2,2.11
260003,2.04,2.18,2.21,2.12
261003,2.04,2.18,2.21,2.12
262003,2.05,2.19,2.22,2.12
263003,2.05,2.19,2.22,2.12
264003,2.05,2.19,2.22,2.12
265004,2.05,2.19,2.21,2.11
266003,2.05,2.18,2.21,2.11
267003,2.03,2.17,2.2,2.1
268003,2.03,2.17,2.19,2.1
269003,2.02,2.16,2.19,2.09
270003,2.02,2.16,2.19,2.09
271003,2.02,2.16,2.19,2.1
272003,2.02,2.16,2.19,2.1
273003,2.04,2.18,2.2,2.11
274003,2.05,2.19,2.21,2.12
275003,2.05,2.19,2.21,2.12
276003,2.05,2.18,2.21,2.12
277003,2.05,2.18,2.21,2.12
278003,2.04,2.17,2.2,2.1
279003,2.03,2.17,2.19,2.1
280003,2.02,2.16,2.18,2.09
281004,2.02,2.16,2.18,2.09
282003,2.02,2.16,2.18,2.09
283003,2.03,2.17,2.19,2.1
284003,2.03,2.17,2.2,2.11
285003,2.04,2.18,2.21,2.12
286003,2.04,2.18,2.21,2.12
287003,2.04,2.18,2.2,2.11
288003,2.05,2.18,2.2,2.11
289003,2.04,2.17,2.19,2.1
290003,2.02,2.16,2.18,2.09
291003,2.02,2.16,2.18,2.09
292003,2.01,2.15,2.18,2.08
293003,2.01,2.15,2.18,2.08
294003,2.01,2.15,2.18,2.09
295003,2.02,2.15,2.18,2.09
296003,2.03,2.16,2.19,2.1
297004,2.04,2.17,2.2,2.11
298003,2.04,2.17,2.2,2.11
299003,2.04,2.18,2.2,2.11
300003,2.04,2.17,2.2,2.11
301003,2.04,2.17,2.19,2.1
302003,2.04,2.17,2.19,2.1
303003,2.03,2.16,2.18,2.09
304003,2.03,2.16,2.18,2.09
305003,2.01,2.15,2.17,2.08
306003,2.01,2.14,2.17,2.08
307003,2.01,2.14,2.17,2.08
308003,2.01,2.15,2.17,2.08
309003,2.01,2.14,2.17,2.08
310003,2.01,2.15,2.18,2.09
311003,2.01,2.15,2.18,2.09
312003,2.02,2.16,2.19,2.1
313004,2.03,2.17,2.19,2.1
314003,2.03,2.16,2.19,2.1
315003,2.04,2.17,2.19,2.11
316003,2.03,2.17,2.19,2.1
317003,2.04,2.17,2.19,2.1
318003,2.04,2.17,2.19,2.1
319003,2.03,2.16,2.19,2.1
320003,2.03,2.17,2.19,2.1
321003,2.03,2.16,2.18,2.09
322003,2.02,2.15,2.17,2.08
323003,2.02,2.15,2.18,2.09
324003,2.01,2.14,2.17,2.08
325003,2.01,2.15,2.17,2.08
326003,2.01,2.14,2.16,2.07
327003,2.01,2.14,2.16,2.07
328003,2.01,2.13,2.16,2.07
329004,2.01,2.14,2.16,2.07
330003,2.01,2.13,2.16,2.07
331003,2.01,2.14,2.16,2.08
332003,2.01,2.14,2.16,2.08
333003,2.01,2.14,2.17,2.08
334003,2.01,2.14,2.17,2.08
335003,2.02,2.15,2.18,2.09
336003,2.02,2.15,2.18,2.09
337003,2.03,2.16,2.18,2.1
338003,2.03,2.16,2.18,2.1
339003,2.03,2.16,2.18,2.1
340003,2.03,2.15,2.18,2.09
341003,2.03,2.15,2.18,2.09
342003,2.02,2.14,2.17,2.08
343003,2.02,2.14,2.17,2.08
344003,2.01,2.13,2.16,2.07
345004,2,2.13,2.15,2.06
346003,2,2.13,2.15,2.06
347003,2,2.13,2.15,2.07
348003,2,2.13,2.15,2.07
349003,2.01,2.13,2.16,2.07
350003,2,2.13,2.16,2.07
351003,2.01,2.14,2.17,2.08
352003,2.01,2.14,2.16,2.08
353003,2.02,2.15,2.17,2.09
354003,2.02,2.15,2.18,2.09
355003,2.02,2.15,2.18,2.09
356003,2.02,2.15,2.18,2.09
357003,2.02,2.15,2.17,2.09
358003,2.02,2.15,2.17,2.09
359003,2.02,2.15,2.17,2.09
360003,2.02,2.15,2.17,2.09
361004,2.01,2.14,2.17,2.08
362003,2.02,2.14,2.17,2.08
363003,2.01,2.14,2.16,2.07
364003,2.01,2.14,2.16,2.08
365003,2.01,2.13,2.15,2.07
366003,2.01,2.13,2.16,2.07
367003,2,2.12,2.15,2.06
368003,2,2.12,2.15,2.06
369003,2,2.12,2.14,2.06
370003,1.99,2.12,2.14,2.06
371003,1.99,2.12,2.14,2.06
372003,1.99,2.12,2.14,2.06
373003,1.99,2.12,2.14,2.06
374003,2,2.12,2.15,2.06
375003,1.99,2.12,2.14,2.06
376003,2,2.12,2.15,2.07
377004,2.01,2.13,2.16,2.08
378003,2.01,2.13,2.16,2.08
379003,2.01,2.14,2.16,2.08
380003,2.01,2.14,2.16,2.08
381003,2.01,2.14,2.17,2.08
382003,2.01,2.14,2.16,2.08
383003,2.01,2.14,2.16,2.08
384003,2.01,2.14,2.16,2.08
385003,2.01,2.13,2.16,2.07
386003,2,2.12,2.15,2.06
387003,2,2.12,2.15,2.06
388003,1.99,2.11,2.14,2.05
389003,1.99,2.11,2.14,2.05
390003,1.99,2.11,2.13,2.05
391003,1.99,2.11,2.13,2.05
392003,1.99,2.11,2.14,2.05
393004,2,2.12,2.15,2.07
394003,2,2.12,2.15,2.07
395003,2.01,2.13,2.16,2.08
396003,2.01,2.13,2.16,2.08
397003,2.01,2.13,2.16,2.08
398003,2.01,2.13,2.16,2.08
399003,2.01,2.13,2.15,2.07
400003,2.01,2.13,2.15,2.07
401003,2,2.12,2.14,2.06
402003,1.99,2.11,2.13,2.05
403003,1.99,2.11,2.13,2.05
404003,1.98,2.1,2.13,2.04
405003,1.98,2.1,2.13,2.04
406003,1.98,2.1,2.13,2.05
407003,1.98,2.1,2.13,2.05
408003,1.99,2.11,2.14,2.06
409004,2,2.12,2.15,2.07
410003,2,2.12,2.15,2.07
411003,2.01,2.12,2.15,2.07
412003,2.01,2.12,2.15,2.07
413003,2.01,2.13,2.15,2.07
414003,2.01,2.13,2.15,2.07
415003,2.01,2.12,2.15,2.07
416003,2.01,2.13,2.15,2.07
417003,2,2.12,2.14,2.06
418003,1.99,2.11,2.13,2.05
419003,1.99,2.11,2.14,2.05
420003,1.98,2.1,2.13,2.04
421003,1.99,2.1,2.13,2.04
422003,1.98,2.1,2.12,2.04
423003,1.98,2.1,2.12,2.04
424003,1.98,2.1,2.12,2.04
425004,1.98,2.1,2.13,2.05
426003,1.98,2.1,2.13,2.05
427003,1.99,2.11,2.14,2.06
428003,1.99,2.11,2.13,2.05
429003,2,2.12,2.14,2.06
430003,2,2.11,2.14,2.06
431003,2,2.12,2.15,2.07
432003,2,2.12,2.14,2.07
433003,2,2.12,2.15,2.06
434003,2,2.11,2.14,2.06
435003,2,2.11,2.14,2.06
436003,1.99,2.11,2.13,2.05
437003,1.99,2.11,2.13,2.05
438003,1.98,2.1,2.12,2.04
439003,1.98,2.1,2.12,2.04
440003,1.97,2.09,2.12,2.03
441004,1.97,2.09,2.12,2.03
442003,1.97,2.09,2.11,2.03
443003,1.97,2.09,2.12,2.04
444003,1.97,2.09,2.12,2.04
445003,1.98,2.1,2.13,2.05
446003,1.98,2.1,2.13,2.05
447003,2,2.11,2.14,2.06
448003,2,2.11,2.14,2.06
449003,2,2.11,2.14,2.06
450003,1.99,2.11,2.13,2.05
451003,1.99,2.11,2.13,2.05
452003,1.98,2.1,2.12,2.04
453003,1.98,2.09,2.12,2.04
454003,1.97,2.09,2.11,2.03
455003,1.97,2.08,2.11,2.03
456003,1.97,2.08,2.11,2.03
457004,1.97,2.09,2.12,2.04
458003,1.97,2.09,2.12,2.04
459003,1.99,2.1,2.13,2.05
460003,1.98,2.1,2.13,2.05
461003,1.99,2.11,2.14,2.06
462003,1.99,2.11,2.13,2.06
463003,2,2.11,2.13,2.05
464003,1.99,2.11,2.13,2.05
465003,1.99,2.1,2.13,2.05
466003,1.98,2.09,2.12,2.04
467003,1.98,2.09,2.12,2.04
468003,1.97,2.08,2.11,2.03
469003,1.97,2.08,2.11,2.03
470003,1.96,2.08,2.1,2.02
471003,1.96,2.08,2.1,2.02
472003,1.96,2.08,2.11,2.03
473004,1.97,2.08,2.11,2.03
474003,1.97,2.08,2.11,2.03
475003,1.98,2.09,2.12,2.04
476003,1.97,2.09,2.12,2.04
477003,1.98,2.1,2.13,2.05
478003,1.98,2.09,2.12,2.05
479003,1.99,2.1,2.13,2.05
480003,1.99,2.1,2.13,2.05
481003,1.99,2.1,2.13,2.05
482003,1.99,2.1,2.13,2.05
483003,1.99,2.1,2.13,2.05
484003,1.99,2.1,2.12,2.04
485003,1.99,2.1,2.12,2.04
486003,1.98,2.09,2.12,2.04
487003,1.98,2.09,2.12,2.04
488003,1.97,2.08,2.11,2.03
489004,1.96,2.08,2.1,2.02
490003,1.97,2.08,2.1,2.02
491003,1.96,2.07,2.1,2.02
492003,1.96,2.07,2.1,2.02
493003,1.96,2.07,2.1,2.02
494003,1.96,2.07,2.1,2.02
495003,1.96,2.07,2.1,2.02
496003,1.96,2.07,2.1,2.02
497003,1.97,2.08,2.11,2.03
498003,1.98,2.09,2.12,2.04
499003,1.98,2.09,2.12,2.04
500003,1.98,2.1,2.12,2.05
501003,1.98,2.09,2.12,2.04
502003,1.98,2.09,2.12,2.04
503003,1.98,2.09,2.12,2.04
504003,1.97,2.08,2.11,2.03
505004,1.96,2.07,2.1,2.02
506003,1.96,2.07,2.1,2.02
507003,1.95,2.06,2.09,2.01
508003,1.95,2.06,2.09,2.01
509003,1.96,2.07,2.1,2.02
510003,1.96,2.07,2.1,2.02
511003,1.97,2.08,2.11,2.03
512003,1.97,2.08,2.11,2.04
513003,1.98,2.09,2.12,2.04
514003,1.98,2.09,2.11,2.04
515003,1.98,2.09,2.11,2.04
516003,1.97,2.08,2.1,2.02
517003,1.97,2.07,2.1,2.02
518003,1.95,2.06,2.09,2.01
519003,1.95,2.06,2.09,2.01
520003,1.95,2.06,2.09,2.01
521004,1.96,2.07,2.1,2.02
522003,1.96,2.07,2.1,2.02
523003,1.97,2.08,2.11,2.03
524003,1.97,2.08,2.11,2.03
525003,1.98,2.09,2.11,2.04
526003,1.98,2.09,2.11,2.04
527003,1.98,2.08,2.11,2.03
528003,1.98,2.08,2.11,2.03
529003,1.96,2.07,2.1,2.02
530003,1.95,2.06,2.09,2.01
531003,1.95,2.06,2.09,2.01
532003,1.95,2.06,2.08,2.01
533003,1.95,2.06,2.08,2.01
534003,1.95,2.06,2.09,2.02
535003,1.95,2.06,2.09,2.02
536003,1.97,2.08,2.1,2.03
537004,1.97,2.08,2.11,2.03
538003,1.97,2.08,2.11,2.03
539003,1.97,2.08,2.11,2.03
540003,1.97,2.08,2.11,2.03
541003,1.97,2.07,2.1,2.02
542003,1.97,2.07,2.1,2.02
543003,1.96,2.06,2.09,2.01
544003,1.96,2.06,2.09,2.01
545003,1.95,2.05,2.08,2.01
546003,1.94,2.05,2.08,2.01
547003,1.94,2.05,2.08,2.01
548003,1.95,2.06,2.09,2.01
549003,1.95,2.06,2.09,2.01
550003,1.96,2.07,2.1,2.02
551003,1.96,2.07,2.1,2.02
552003,1.97,2.08,2.1,2.03
553004,1.97,2.08,2.11,2.03
554003,1.97,2.08,2.11,2.03
555003,1.97,2.08,2.1,2.03
556003,1.97,2.08,2.1,2.03
557003,1.96,2.07,2.09,2.02
558003,1.96,2.07,2.1,2.02
559003,1.95,2.06,2.08,2.01
560003,1.95,2.06,2.09,2.01
561003,1.94,2.05,2.08,2
562003,1.94,2.05,2.08,2
563003,1.94,2.05,2.07,2
564003,1.94,2.05,2.08,2.01
565003,1.94,2.05,2.08,2.01
566003,1.95,2.06,2.09,2.01
567003,1.95,2.06,2.08,2.01
568003,1.96,2.07,2.09,2.02
569004,1.97,2.07,2.1,2.03
570003,1.97,2.07,2.1,2.03
571003,1.97,2.07,2.1,2.02
572003,1.97,2.07,2.1,2.03
573003,1.96,2.07,2.1,2.02
574003,1.97,2.07,2.1,2.02
575003,1.96,2.06,2.09,2.01
576003,1.96,2.06,2.09,2.01
577003,1.95,2.05,2.08,2.01
578003,1.94,2.04,2.07,2
579003,1.94,2.05,2.07,2
580003,1.93,2.04,2.07,2
581003,1.93,2.04,2.07,2
582003,1.93,2.04,2.07,2
583003,1.93,2.04,2.07,2
584003,1.94,2.05,2.08,2.01
585004,1.95,2.06,2.09,2.01
586003,1.95,2.06,2.09,2.01
587003,1.96,2.06,2.09,2.02
588003,1.96,2.06,2.09,2.02
589003,1.96,2.07,2.09,2.02
590003,1.96,2.07,2.09,2.02
591003,1.96,2.07,2.09,2.02
592003,1.96,2.07,2.09,2.02
593003,1.96,2.06,2.09,2.01
594003,1.95,2.05,2.08,2.01
595003,1.95,2.05,2.08,2.01
596003,1.94,2.04,2.07,2
597003,1.94,2.04,2.07,2
598003,1.93,2.04,2.07,1.99
599003,1.93,2.04,2.07,1.99
600003,1.93,2.04,2.06,1.99
601004,1.93,2.04,2.07,2
602003,1.93,2.04,2.07,2
603003,1.94,2.05,2.08,2.01
604003,1.94,2.05,2.08,2.01
605003,1.95,2.06,2.09,2.01
606003,1.95,2.06,2.09,2.01
607003,1.96,2.06,2.09,2.02
608003,1.96,2.06,2.09,2.01
609003,1.96,2.06,2.09,2.01
610003,1.95,2.05,2.08,2.01
611003,1.95,2.05,2.08,2.01
612003,1.93,2.04,2.07,1.99
613003,1.93,2.04,2.07,1.99
614003,1.93,2.03,2.06,1.99
615003,1.93,2.03,2.06,1.99
616003,1.93,2.03,2.06,1.99
617004,1.94,2.04,2.08,2.01
618003,1.94,2.05,2.08,2.01
619003,1.95,2.06,2.09,2.01
620003,1.95,2.06,2.09,2.01
621003,1.95,2.06,2.09,2.01
622003,1.95,2.06,2.08,2.01
623003,1.94,2.05,2.07,2
624003,1.94,2.05,2.07,2
625003,1.93,2.03,2.06,1.99
626003,1.92,2.03,2.06,1.99
627003,1.92,2.03,2.06,1.99
628003,1.93,2.03,2.06,1.99
629003,1.93,2.03,2.06,1.99
630003,1.94,2.04,2.07,2
631003,1.94,2.04,2.07,2
632003,1.95,2.05,2.08,2.01
633004,1.95,2.05,2.08,2.01
634003,1.95,2.05,2.08,2.01
635003,1.95,2.05,2.08,2.01
636003,1.95,2.05,2.08,2.01
637003,1.94,2.04,2.07,2
638003,1.94,2.04,2.07,2
639003,1.93,2.03,2.06,1.99
640003,1.93,2.03,2.06,1.99
641003,1.92,2.02,2.05,1.98
642003,1.92,2.02,2.05,1.99
643003,1.92,2.02,2.05,1.98
644003,1.93,2.03,2.06,1.99
645003,1.93,2.03,2.06,1.99
646003,1.94,2.04,2.07,2
647003,1.94,2.04,2.07,2
648003,1.95,2.05,2.08,2.01
649004,1.95,2.05,2.08,2.01
650003,1.95,2.05,2.08,2.01
651003,1.94,2.04,2.07,2
652003,1.94,2.04,2.07,2
653003,1.93,2.03,2.06,1.99
654003,1.93,2.03,2.06,1.99
655003,1.92,2.02,2.05,1.98
656003,1.92,2.02,2.05,1.98
657003,1.92,2.02,2.05,1.98
658003,1.92,2.02,2.05,1.99
659003,1.92,2.02,2.05,1.99
660003,1.93,2.04,2.06,2
661003,1.93,2.03,2.06,2
662003,1.94,2.04,2.07,2
663003,1.94,2.04,2.07,2
664003,1.94,2.05,2.07,2.01
665004,1.94,2.04,2.07,2
666003,1.94,2.04,2.07,2
667003,1.94,2.04,2.06,1.99
668003,1.94,2.04,2.06,1.99
669003,1.93,2.03,2.06,1.99
670003,1.93,2.03,2.06,1.99
671003,1.92,2.02,2.05,1.98
672003,1.93,2.03,2.06,1.98
673003,1.92,2.02,2.05,1.98
674003,1.92,2.02,2.04,1.97
675003,1.92,2.02,2.05,1.98
676003,1.92,2.02,2.04,1.97
677003,1.92,2.02,2.05,1.98
678003,1.91,2.02,2.04,1.97
679003,1.92,2.02,2.05,1.98
680003,1.92,2.02,2.04,1.97
681004,1.91,2.01,2.04,1.97
682003,1.92,2.02,2.04,1.97
683003,1.91,2.01,2.04,1.97
684003,1.92,2.02,2.04,1.97
685003,1.91,2.01,2.04,1.97
686003,1.92,2.02,2.04,1.97
687003,1.91,2.01,2.04,1.97
688003,1.92,2.02,2.04,1.97
689003,1.91,2.01,2.04,1.97
690003,1.91,2.01,2.04,1.97
691003,1.91,2.01,2.04,1.97
692003,1.91,2.01,2.04,1.97
693003,1.91,2.01,2.04,1.97
694003,1.91,2.01,2.04,1.97
695003,1.91,2.01,2.04,1.97
696003,1.91,2.01,2.04,1.97
697004,1.91,2.02,2.05,1.98
698003,1.91,2.01,2.04,1.98
699003,1.92,2.02,2.05,1.99
700003,1.92,2.02,2.05,1.98
701003,1.93,2.03,2.06,1.99
702003,1.93,2.03,2.06,1.99
703003,1.93,2.03,2.06,2
704003,1.93,2.03,2.06,2
705003,1.94,2.04,2.06,2
706003,1.93,2.03,2.06,1.99
707003,1.94,2.03,2.06,1.99
708003,1.93,2.03,2.05,1.98
709003,1.93,2.03,2.06,1.99
710003,1.92,2.02,2.05,1.98
711003,1.92,2.02,2.05,1.98
712003,1.91,2.01,2.04,1.97
713004,1.9,2.01,2.03,1.97
714003,1.9,2.01,2.03,1.96
715003,1.9,2.01,2.04,1.97
716003,1.9,2.01,2.04,1.97
717003,1.91,2.01,2.04,1.98
718003,1.91,2.01,2.04,1.97
719003,1.92,2.02,2.05,1.99
720003,1.92,2.02,2.05,1.99
721003,1.93,2.03,2.06,1.99
722003,1.93,2.03,2.06,1.99
723003,1.93,2.03,2.06,1.99
724003,1.93,2.02,2.05,1.98
725003,1.93,2.02,2.05,1.98
726003,1.92,2.01,2.04,1.97
727003,1.92,2.01,2.04,1.97
728003,1.91,2.01,2.03,1.96
729004,1.9,2.01,2.03,1.96
730003,1.9,2.01,2.03,1.96
731003,1.9,2.01,2.04,1.97
732003,1.9,2.01,2.04,1.97
733003,1.92,2.02,2.05,1.98
734003,1.92,2.02,2.05,1.98
735003,1.93,2.03,2.06,1.99
736003,1.93,2.03,2.06,1.99
737003,1.93,2.03,2.06,1.99
738003,1.92,2.02,2.05,1.98
739003,1.92,2.02,2.05,1.98
740003,1.91,2.01,2.04,1.97
741003,1.91,2.01,2.03,1.96
742003,1.9,2,2.03,1.96
743003,1.9,2,2.03,1.96
744003,1.9,2,2.03,1.96
745004,1.91,2.01,2.04,1.97
746003,1.91,2.01,2.04,1.97
747003,1.92,2.02,2.05,1.98
748003,1.92,2.02,2.05,1.99
749003,1.93,2.02,2.05,1.99
750003,1.93,2.02,2.05,1.99
751003,1.92,2.02,2.05,1.98
752003,1.92,2.02,2.05,1.98
753003,1.91,2.01,2.03,1.96
754003,1.9,2,2.02,1.96
755003,1.9,2,2.02,1.96
756003,1.9,2,2.03,1.96
757003,1.9,2,2.03,1.96
758003,1.91,2.01,2.04,1.98
759003,1.91,2.01,2.04,1.98
760003,1.92,2.02,2.05,1.98
761004,1.92,2.02,2.05,1.98
762003,1.92,2.02,2.05,1.98
763003,1.91,2.01,2.04,1.97
764003,1.91,2.01,2.04,1.97
765003,1.9,2,2.03,1.96
766003,1.9,2,2.02,1.96
767003,1.89,2,2.02,1.95
768003,1.89,2,2.02,1.96
769003,1.9,2.01,2.03,1.97
770003,1.92,2.01,2.04,1.98
771003,1.92,2.01,2.04,1.98
772003,1.92,2.02,2.05,1.98
773003,1.92,2.02,2.05,1.98
774003,1.92,2.02,2.05,1.98
775003,1.92,2.02,2.05,1.98
776003,1.91,2.01,2.04,1.97
777004,1.9,2.01,2.03,1.96
778003,1.91,2.01,2.03,1.96
779003,1.9,2,2.02,1.95
780003,1.9,2,2.02,1.95
781003,1.89,2,2.02,1.95
782003,1.89,2,2.02,1.95
783003,1.89,1.99,2.02,1.95
784003,1.89,1.99,2.02,1.95
785003,1.89,1.99,2.02,1.95
786003,1.9,2,2.03,1.96
787003,1.89,2,2.02,1.96
788003,1.9,2.01,2.03,1.97
789003,1.9,2,2.03,1.96
790003,1.91,2.01,2.04,1.97
791003,1.91,2.01,2.04,1.97
792003,1.92,2.01,2.04,1.98
793004,1.92,2.01,2.04,1.98
794003,1.92,2.01,2.04,1.98
795003,1.92,2.01,2.04,1.97
796003,1.92,2.01,2.04,1.98
797003,1.91,2.01,2.04,1.97
798003,1.91,2.01,2.04,1.97
799003,1.9,2,2.03,1.96
800003,1.9,2,2.03,1.96
801003,1.89,1.99,2.02,1.95
802003,1.89,1.99,2.01,1.95
803003,1.89,1.99,2.01,1.95
804003,1.89,1.99,2.02,1.95
805003,1.89,1.99,2.02,1.95
806003,1.9,2,2.03,1.97
807003,1.9,2.01,2.03,1.97
808003,1.91,2.01,2.04,1.97
809004,1.92,2.01,2.04,1.97
810003,1.92,2.01,2.04,1.97
811003,1.91,2.01,2.03,1.96
812003,1.91,2.01,2.03,1.96
813003,1.89,1.99,2.02,1.95
814003,1.89,1.99,2.02,1.95
815003,1.88,1.99,2.01,1.95
816003,1.88,1.99,2.01,1.95
817003,1.89,2,2.02,1.96
818003,1.91,2.01,2.04,1.97
819003,1.91,2.01,2.04,1.97
820003,1.92,2.01,2.04,1.97
821003,1.91,2.01,2.04,1.97
822003,1.9,2,2.03,1.96
823003,1.9,2,2.02,1.96
824003,1.89,1.99,2.01,1.95
825004,1.88,1.99,2.01,1.94
826003,1.88,1.99,2.01,1.94
827003,1.89,2,2.02,1.96
828003,1.9,2,2.02,1.96
829003,1.91,2.01,2.04,1.97
830003,1.91,2.01,2.04,1.97
831003,1.91,2.01,2.03,1.97
832003,1.91,2.01,2.03,1.96
833003,1.9,2,2.02,1.95
834003,1.88,1.98,2.01,1.94
835003,1.88,1.98,2.01,1.94
836003,1.88,1.99,2.01,1.95
837003,1.88,1.99,2.01,1.95
838003,1.9,2,2.03,1.96
839003,1.9,2,2.03,1.97
840003,1.91,2.01,2.04,1.97
841004,1.91,2.01,2.03,1.96
842003,1.91,2.01,2.03,1.96
843003,1.89,1.99,2.02,1.95
844003,1.89,1.99,2.02,1.95
845003,1.88,1.98,2.01,1.94
846003,1.88,1.98,2.01,1.94
847003,1.88,1.98,2.01,1.94
848003,1.88,1.98,2.01,1.94
849003,1.88,1.99,2.01,1.95
850003,1.9,2,2.02,1.96
851003,1.9,2,2.02,1.96
852003,1.91,2.01,2.03,1.97
853003,1.91,2.01,2.03,1.97
854003,1.91,2.01,2.03,1.97
855003,1.91,2.01,2.03,1.97
856003,1.91,2,2.03,1.96
857004,1.9,1.99,2.02,1.95
858003,1.9,2,2.02,1.95
859003,1.89,1.99,2.01,1.94
860003,1.89,1.99,2.01,1.94
861003,1.88,1.98,2.01,1.94
862003,1.88,1.98,2.01,1.94
863003,1.88,1.98,2.01,1.93
864003,1.88,1.98,2.01,1.94
865003,1.88,1.98,2.01,1.93
866003,1.88,1.98,2.01,1.94
867003,1.88,1.98,2.01,1.94
868003,1.88,1.98,2.01,1.94
869003,1.88,1.98,2.01,1.94
870003,1.88,1.98,2.01,1.95
871003,1.88,1.98,2.01,1.94
872003,1.89,1.99,2.01,1.95
873004,1.9,2,2.02,1.96
874003,1.89,1.99,2.02,1.96
875003,1.9,2,2.03,1.96
876003,1.9,2,2.02,1.96
877003,1.9,2,2.03,1.96
878003,1.9,2,2.03,1.96
879003,1.9,2,2.03,1.96
880003,1.9,2,2.03,1.96
881003,1.9,2,2.03,1.96
882003,1.9,2,2.02,1.95
883003,1.9,2,2.02,1.96
884003,1.89,1.99,2.01,1.95
885003,1.9,1.99,2.02,1.95
886003,1.89,1.98,2.01,1.94
887003,1.89,1.98,2.01,1.94
888003,1.88,1.98,2.01,1.93
889004,1.87,1.97,2,1.93
890003,1.87,1.97,2,1.93
891003,1.87,1.97,2,1.93
892003,1.87,1.97,2,1.93
893003,1.88,1.98,2.01,1.94
894003,1.88,1.98,2.01,1.94
895003,1.89,1.99,2.02,1.95
896003,1.89,1.99,2.02,1.95
897003,1.9,2,2.02,1.96
898003,1.9,2,2.02,1.96
899003,1.9,2,2.02,1.96
900003,1.89,1.99,2.01,1.95
901003,1.89,1.99,2.01,1.94
902003,1.88,1.98,2.01,1.93
903003,1.88,1.97,2,1.93
904003,1.87,1.97,2,1.93
905004,1.87,1.97,2.01,1.93
906003,1.87,1.97,2.01,1.94
907003,1.88,1.99,2.01,1.95
908003,1.89,1.99,2.02,1.95
909003,1.9,2,2.02,1.96
910003,1.9,2,2.02,1.96
911003,1.9,1.99,2.02,1.95
912003,1.89,1.99,2.01,1.95
913003,1.88,1.97,2,1.93
914003,1.87,1.97,2,1.93
915003,1.87,1.97,2,1.93
916003,1.88,1.98,2.01,1.94
917003,1.88,1.98,2.01,1.95
918003,1.9,1.99,2.02,1.96
919003,1.9,2,2.02,1.96
920003,1.89,1.99,2.02,1.95
921004,1.88,1.98,2.01,1.93
922003,1.88,1.97,2,1.93
923003,1.87,1.97,2,1.93
924003,1.86,1.97,2,1.93
925003,1.88,1.98,2.01,1.94
926003,1.88,1.98,2.01,1.95
927003,1.9,1.99,2.02,1.96
928003,1.9,1.99,2.02,1.95
929003,1.89,1.99,2.01,1.95
930003,1.87,1.97,2,1.93
931003,1.87,1.97,2,1.93
932003,1.86,1.97,2,1.93
933003,1.87,1.97,2,1.93
934003,1.88,1.98,2.01,1.94
935003,1.88,1.98,2.01,1.95
936003,1.9,1.99,2.02,1.95
937004,1.89,1.99,2.01,1.94
938003,1.89,1.98,2.01,1.94
939003,1.87,1.97,2,1.93
940003,1.87,1.97,2,1.92
941003,1.86,1.96,1.99,1.92
942003,1.86,1.96,2,1.92
943003,1.87,1.97,2.01,1.94
944003,1.88,1.97,2.01,1.94
945003,1.89,1.99,2.01,1.95
946003,1.89,1.99,2.02,1.95
947003,1.89,1.99,2.02,1.95
948003,1.89,1.98,2.01,1.94
949003,1.89,1.98,2.01,1.94
950003,1.87,1.97,2,1.93
951003,1.87,1.97,2,1.93
952003,1.86,1.96,1.99,1.92
953004,1.86,1.96,1.99,1.92
954003,1.86,1.96,1.99,1.92
955003,1.87,1.97,2,1.93
956003,1.87,1.97,2,1.94
957003,1.89,1.98,2.01,1.95
958003,1.89,1.98,2.01,1.95
959003,1.89,1.99,2.01,1.95
960003,1.89,1.99,2.01,1.95
961003,1.89,1.98,2.01,1.94
962003,1.87,1.97,2,1.93
963003,1.87,1.97,2,1.93
964003,1.86,1.96,1.99,1.92
965003,1.86,1.96,1.99,1.92
966003,1.86,1.96,1.99,1.92
967003,1.86,1.96,1.99,1.92
968003,1.87,1.97,2,1.93
969004,1.88,1.98,2.01,1.94
970003,1.88,1.98,2.01,1.94
971003,1.89,1.98,2.01,1.95
972003,1.89,1.98,2.01,1.95
973003,1.89,1.98,2.01,1.94
974003,1.89,1.98,2.01,1.94
975003,1.88,1.97,2,1.93
976003,1.88,1.97,2,1.93
977003,1.86,1.96,1.99,1.92
978003,1.85,1.95,1.98,1.91
979003,1.85,1.95,1.98,1.91
980003,1.86,1.96,1.99,1.92
981003,1.86,1.96,1.99,1.92
982003,1.87,1.97,2,1.93
983003,1.87,1.97,2,1.93
984003,1.88,1.98,2.01,1.94
985004,1.88,1.98,2.01,1.94
986003,1.89,1.98,2.01,1.94
987003,1.88,1.98,2.01,1.94
988003,1.88,1.98,2.01,1.94
989003,1.87,1.97,2,1.93
990003,1.87,1.97,2,1.93
991003,1.86,1.96,1.99,1.92
992003,1.86,1.96,1.99,1.92
993003,1.85,1.95,1.98,1.91
994003,1.86,1.96,1.99,1.92
995003,1.86,1.96,1.99,1.92
996003,1.87,1.97,2,1.93
997003,1.87,1.97,2,1.93
998003,1.88,1.98,2.01,1.94
999003,1.88,1.98,2.01,1.94
1000003,1.88,1.98,2.01,1.94
1001004,1.88,1.97,2,1.93
1002003,1.88,1.97,2,1.93
1003003,1.86,1.96,1.99,1.92
1004003,1.86,1.96,1.99,1.92
1005003,1.85,1.95,1.98,1.91
1006003,1.85,1.95,1.98,1.91
1007003,1.86,1.95,1.99,1.92
1008003,1.86,1.95,1.99,1.92
1009003,1.87,1.96,2,1.93
1010003,1.88,1.97,2.01,1.94
1011003,1.88,1.97,2.01,1.94
1012003,1.88,1.98,2.01,1.94
1013003,1.88,1.98,2.01,1.94
1014003,1.88,1.98,2.01,1.94
1015003,1.88,1.98,2.01,1.94
1016003,1.87,1.97,2,1.92
1017004,1.86,1.96,1.99,1.91
1018003,1.86,1.96,1.99,1.91
1019003,1.85,1.95,1.98,1.91
1020003,1.85,1.95,1.98,1.91
1021003,1.85,1.95,1.98,1.91
1022003,1.85,1.95,1.98,1.91
1023003,1.86,1.96,1.99,1.92
1024003,1.86,1.96,1.99,1.92
1025003,1.87,1.97,2,1.93
1026003,1.88,1.98,2.01,1.94
1027003,1.88,1.97,2.01,1.94
1028003,1.88,1.97,2.01,1.94
1029003,1.88,1.97,2.01,1.94
1030003,1.87,1.97,2,1.93
1031003,1.88,1.97,2,1.93
1032003,1.86,1.96,1.99,1.92
1033004,1.85,1.95,1.98,1.91
1034003,1.85,1.95,1.98,1.91
1035003,1.85,1.95,1.98,1.91
1036003,1.85,1.95,1.98,1.91
1037003,1.85,1.95,1.98,1.91
1038003,1.85,1.95,1.98,1.91
1039003,1.85,1.95,1.99,1.92
1040003,1.85,1.95,1.98,1.92
1041003,1.86,1.96,1.99,1.93
1042003,1.87,1.97,2,1.93
1043003,1.87,1.97,2,1.93
1044003,1.88,1.97,2,1.94
1045003,1.88,1.97,2.01,1.94
1046003,1.88,1.97,2,1.93
1047003,1.88,1.97,2,1.93
1048003,1.87,1.96,1.99,1.92
1049004,1.86,1.95,1.98,1.91
1050003,1.86,1.95,1.98,1.91
1051003,1.85,1.95,1.98,1.91
1052003,1.85,1.95,1.98,1.91
1053003,1.85,1.94,1.98,1.91
1054003,1.85,1.94,1.97,1.9
1055003,1.85,1.95,1.98,1.91
1056003,1.85,1.95,1.98,1.91
1057003,1.86,1.96,1.99,1.92
1058003,1.87,1.97,2,1.93
1059003,1.87,1.97,2,1.93
1060003,1.88,1.97,2,1.93
1061003,1.88,1.97,2,1.93
1062003,1.88,1.97,2,1.93
1063003,1.88,1.97,2,1.93
1064003,1.87,1.96,1.99,1.92
1065004,1.85,1.95,1.98,1.91
1066003,1.85,1.95,1.98,1.91
1067003,1.85,1.94,1.97,1.9
1068003,1.85,1.94,1.97,1.9
1069003,1.85,1.94,1.98,1.91
1070003,1.85,1.94,1.98,1.91
1071003,1.86,1.95,1.99,1.92
1072003,1.86,1.95,1.99,1.92
1073003,1.87,1.96,2,1.93
1074003,1.87,1.97,2,1.93
1075003,1.87,1.97,2,1.93
1076003,1.87,1.97,2,1.93
1077003,1.88,1.97,2,1.93
1078003,1.87,1.96,1.99,1.92
1079003,1.87,1.96,1.99,1.92
1080003,1.86,1.95,1.98,1.91
1081004,1.85,1.94,1.97,1.9
1082003,1.85,1.95,1.98,1.9
1083003,1.84,1.94,1.97,1.9
1084003,1.85,1.94,1.97,1.9
1085003,1.84,1.94,1.97,1.9
1086003,1.84,1.94,1.97,1.9
1087003,1.84,1.94,1.97,1.9
1088003,1.84,1.94,1.97,1.9
1089003,1.85,1.94,1.98,1.91
1090003,1.86,1.95,1.99,1.92
1091003,1.85,1.95,1.98,1.92
1092003,1.86,1.96,1.99,1.92
1093003,1.86,1.96,1.99,1.92
1094003,1.87,1.96,2,1.93
1095003,1.87,1.96,1.99,1.93
1096003,1.87,1.96,1.99,1.93
1097004,1.87,1.96,1.99,1.92
1098003,1.87,1.96,1.99,1.92
1099003,1.86,1.95,1.98,1.91
1100003,1.86,1.95,1.98,1.91
1101003,1.85,1.94,1.97,1.9
1102003,1.85,1.94,1.97,1.9
1103003,1.84,1.94,1.97,1.9
1104003,1.84,1.94,1.97,1.9
1105003,1.84,1.93,1.97,1.9
1106003,1.84,1.94,1.97,1.9
1107003,1.84,1.94,1.97,1.9
1108003,1.85,1.94,1.98,1.91
1109003,1.85,1.94,1.97,1.91
1110003,1.85,1.95,1.98,1.92
1111003,1.85,1.95,1.98,1.91
1112003,1.86,1.96,1.99,1.92
1113004,1.87,1.96,1.99,1.92
1114003,1.87,1.96,1.99,1.92
1115003,1.87,1.96,1.99,1.92
1116003,1.87,1.96,1.99,1.92
1117003,1.86,1.95,1.99,1.92
1118003,1.86,1.96,1.99,1.92
1119003,1.86,1.95,1.98,1.91
1120003,1.86,1.95,1.98,1.91
1121003,1.85,1.94,1.97,1.9
1122003,1.84,1.93,1.96,1.89
1123003,1.84,1.93,1.97,1.9
1124003,1.84,1.93,1.96,1.89
1125003,1.84,1.93,1.96,1.89
1126003,1.84,1.93,1.96,1.89
1127003,1.84,1.93,1.96,1.89
1128003,1.84,1.93,1.97,1.9
1129004,1.85,1.94,1.98,1.91
1130003,1.85,1.94,1.97,1.91
1131003,1.86,1.95,1.98,1.92
1132003,1.86,1.95,1.98,1.92
1133003,1.86,1.96,1.99,1.92
1134003,1.86,1.96,1.99,1.92
1135003,1.87,1.96,1.99,1.92
1136003,1.87,1.96,1.99,1.92
1137003,1.86,1.95,1.98,1.91
1138003,1.85,1.94,1.97,1.9
1139003,1.85,1.94,1.97,1.9
1140003,1.84,1.93,1.96,1.89
1141003,1.84,1.93,1.96,1.89
1142003,1.83,1.93,1.96,1.89
1143003,1.83,1.93,1.96,1.89
1144003,1.84,1.93,1.97,1.9
1145004,1.85,1.94,1.98,1.91
1146003,1.85,1.94,1.97,1.91
1147003,1.86,1.95,1.98,1.92
1148003,1.86,1.95,1.98,1.92
1149003,1.86,1.95,1.99,1.92
1150003,1.86,1.95,1.99,1.92
1151003,1.86,1.95,1.99,1.92
1152003,1.86,1.95,1.99,1.92
1153003,1.86,1.95,1.98,1.91
1154003,1.85,1.94,1.97,1.9
1155003,1.85,1.94,1.98,1.91
1156003,1.84,1.94,1.97,1.9
1157003,1.84,1.94,1.97,1.9
1158003,1.84,1.93,1.96,1.89
1159003,1.84,1.93,1.96,1.89
1160003,1.83,1.93,1.96,1.89
1161004,1.83,1.93,1.96,1.9
1162003,1.83,1.93,1.96,1.89
1163003,1.84,1.94,1.97,1.9
1164003,1.84,1.93,1.97,1.9
1165003,1.85,1.94,1.98,1.91
1166003,1.85,1.94,1.98,1.91
1167003,1.86,1.95,1.98,1.92
1168003,1.85,1.95,1.98,1.91
1169003,1.86,1.95,1.98,1.92
1170003,1.86,1.95,1.98,1.92
1171003,1.86,1.95,1.98,1.92
1172003,1.86,1.95,1.98,1.91
1173003,1.86,1.95,1.98,1.91
1174003,1.85,1.94,1.97,1.9
1175003,1.85,1.94,1.97,1.9
1176003,1.84,1.93,1.96,1.89
1177004,1.83,1.93,1.96,1.89
1178003,1.83,1.93,1.96,1.89
1179003,1.83,1.92,1.96,1.89
1180003,1.83,1.92,1.96,1.89
1181003,1.83,1.93,1.96,1.89
1182003,1.83,1.93,1.96,1.89
1183003,1.84,1.93,1.97,1.9
1184003,1.84,1.93,1.97,1.9
1185003,1.85,1.94,1.98,1.91
1186003,1.86,1.95,1.98,1.92
1187003,1.86,1.95,1.98,1.92
1188003,1.86,1.95,1.98,1.91
1189003,1.86,1.95,1.98,1.91
1190003,1.85,1.94,1.97,1.9
1191003,1.85,1.94,1.97,1.9
1192003,1.83,1.92,1.96,1.89
1193004,1.83,1.92,1.95,1.89
1194003,1.83,1.92,1.96,1.89
1195003,1.84,1.93,1.97,1.9
1196003,1.84,1.93,1.97,1.9
1197003,1.85,1.95,1.98,1.91
1198003,1.86,1.95,1.98,1.91
1199003,1.86,1.95,1.98,1.91
1200003,1.86,1.95,1.98,1.91
1201003,1.85,1.94,1.97,1.9
1202003,1.83,1.93,1.96,1.89
1203003,1.83,1.92,1.96,1.88
1204003,1.83,1.92,1.95,1.89
1205003,1.83,1.92,1.96,1.89
1206003,1.84,1.93,1.97,1.9
1207003,1.84,1.94,1.97,1.9
1208003,1.86,1.95,1.98,1.91
1209004,1.86,1.94,1.98,1.91
1210003,1.85,1.94,1.98,1.91
1211003,1.84,1.93,1.96,1.89
1212003,1.84,1.93,1.96,1.89
1213003,1.83,1.92,1.95,1.88
1214003,1.83,1.92,1.95,1.88
1215003,1.83,1.93,1.96,1.89
1216003,1.83,1.93,1.96,1.9
1217003,1.85,1.94,1.98,1.91
1218003,1.86,1.95,1.98,1.91
1219003,1.86,1.95,1.98,1.91
1220003,1.85,1.94,1.97,1.9
1221003,1.85,1.93,1.97,1.9
1222003,1.83,1.92,1.95,1.88
1223003,1.83,1.92,1.95,1.88
1224003,1.83,1.92,1.95,1.89
1225004,1.84,1.93,1.97,1.9
1226003,1.84,1.93,1.97,1.9
1227003,1.85,1.94,1.98,1.91
1228003,1.86,1.94,1.98,1.91
1229003,1.85,1.94,1.97,1.9
1230003,1.85,1.94,1.97,1.9
1231003,1.83,1.92,1.95,1.88
1232003,1.83,1.92,1.95,1.88
1233003,1.82,1.92,1.95,1.88
1234003,1.83,1.93,1.96,1.89
1235003,1.84,1.93,1.96,1.9
1236003,1.85,1.94,1.98,1.91
1237003,1.85,1.94,1.98,1.91
1238003,1.85,1.94,1.98,1.91
1239003,1.85,1.94,1.98,1.91
1240003,1.85,1.93,1.97,1.9
1241004,1.83,1.92,1.95,1.88
1242003,1.83,1.92,1.95,1.89
1243003,1.82,1.92,1.95,1.88
1244003,1.82,1.92,1.95,1.88
1245003,1.82,1.92,1.95,1.88
1246003,1.82,1.91,1.95,1.88
1247003,1.83,1.92,1.95,1.89
1248003,1.83,1.92,1.95,1.89
1249003,1.83,1.92,1.96,1.89
1250003,1.84,1.93,1.97,1.9
1251003,1.84,1.93,1.97,1.9
1252003,1.85,1.94,1.97,1.91
1253003,1.85,1.94,1.97,1.91
1254003,1.85,1.94,1.98,1.91
1255003,1.85,1.94,1.98,1.91
1256003,1.85,1.94,1.97,1.91
1257004,1.85,1.94,1.97,1.9
1258003,1.85,1.94,1.97,1.9
1259003,1.84,1.93,1.96,1.89
1260003,1.85,1.93,1.97,1.9
1261003,1.84,1.93,1.96,1.89
1262003,1.84,1.93,1.96,1.89
1263003,1.83,1.92,1.95,1.88
1264003,1.83,1.92,1.95,1.88
1265003,1.82,1.91,1.95,1.88
1266003,1.82,1.91,1.95,1.88
1267003,1.82,1.91,1.95,1.88
1268003,1.82,1.92,1.95,1.88
1269003,1.82,1.91,1.95,1.88
1270003,1.83,1.92,1.96,1.89
1271003,1.83,1.92,1.96,1.89
1272003,1.84,1.93,1.97,1.9
1273004,1.85,1.94,1.97,1.91
1274003,1.85,1.94,1.97,1.91
1275003,1.85,1.94,1.97,1.9
1276003,1.85,1.94,1.97,1.91
1277003,1.85,1.93,1.97,1.9
1278003,1.85,1.93,1.97,1.9
1279003,1.84,1.93,1.96,1.89
1280003,1.84,1.93,1.96,1.89
1281003,1.83,1.92,1.95,1.88
1282003,1.82,1.91,1.94,1.88
1283003,1.82,1.91,1.94,1.88
1284003,1.82,1.91,1.94,1.88
1285003,1.82,1.91,1.94,1.88
1286003,1.82,1.92,1.95,1.88
1287003,1.82,1.91,1.95,1.88
1288003,1.84,1.93,1.96,1.9
1289004,1.85,1.94,1.97,1.9
1290003,1.85,1.94,1.97,1.9
1291003,1.85,1.93,1.97,1.9
1292003,1.85,1.93,1.97,1.9
1293003,1.84,1.93,1.96,1.89
1294003,1.84,1.92,1.96,1.89
1295003,1.82,1.91,1.95,1.88
1296003,1.82,1.91,1.95,1.88
1297003,1.82,1.91,1.94,1.87
1298003,1.82,1.91,1.94,1.88
1299003,1.82,1.91,1.94,1.87
1300003,1.82,1.92,1.95,1.89
1301003,1.83,1.92,1.95,1.89
1302003,1.84,1.93,1.96,1.9
1303003,1.84,1.93,1.96,1.9
1304003,1.85,1.93,1.97,1.9
1305004,1.85,1.93,1.97,1.9
1306003,1.85,1.93,1.97,1.9
1307003,1.84,1.93,1.96,1.89
1308003,1.84,1.93,1.96,1.89
1309003,1.83,1.92,1.95,1.88
1310003,1.83,1.92,1.95,1.88
1311003,1.82,1.91,1.94,1.88
1312003,1.82,1.91,1.95,1.88
1313003,1.82,1.91,1.94,1.87
1314003,1.82,1.91,1.94,1.88
1315003,1.82,1.91,1.94,1.87
1316003,1.82,1.92,1.95,1.88
1317003,1.82,1.91,1.95,1.88
1318003,1.84,1.93,1.96,1.9
1319003,1.83,1.92,1.96,1.89
1320003,1.84,1.93,1.97,1.9
1321004,1.85,1.93,1.97,1.9
1322003,1.85,1.93,1.97,1.9
1323003,1.84,1.93,1.96,1.89
1324003,1.84,1.93,1.96,1.89
1325003,1.83,1.92,1.95,1.88
1326003,1.83,1.92,1.95,1.88
1327003,1.82,1.91,1.94,1.87
1328003,1.82,1.91,1.94,1.87
1329003,1.81,1.9,1.94,1.87
1330003,1.81,1.9,1.94,1.87
1331003,1.81,1.9,1.94,1.87
1332003,1.82,1.91,1.95,1.88
1333003,1.82,1.91,1.95,1.88
1334003,1.83,1.92,1.96,1.89
1335003,1.83,1.92,1.96,1.89
1336003,1.84,1.93,1.96,1.9
1337004,1.84,1.93,1.97,1.9
1338003,1.84,1.93,1.97,1.9
1339003,1.84,1.93,1.96,1.89
1340003,1.84,1.93,1.96,1.89
1341003,1.83,1.92,1.95,1.88
1342003,1.83,1.92,1.95,1.88
1343003,1.82,1.91,1.94,1.87
1344003,1.82,1.91,1.94,1.87
1345003,1.81,1.9,1.94,1.87
1346003,1.81,1.9,1.94,1.87
1347003,1.81,1.9,1.94,1.87
1348003,1.82,1.91,1.95,1.88
1349003,1.82,1.91,1.94,1.88
1350003,1.83,1.92,1.95,1.89
1351003,1.83,1.92,1.95,1.89
1352003,1.84,1.93,1.96,1.9
1353004,1.84,1.93,1.96,1.9
1354003,1.84,1.93,1.96,1.9
1355003,1.84,1.93,1.96,1.9
1356003,1.84,1.93,1.96,1.9
1357003,1.84,1.93,1.96,1.89
1358003,1.84,1.93,1.96,1.89
1359003,1.83,1.92,1.95,1.89
1360003,1.84,1.92,1.96,1.89
1361003,1.83,1.92,1.95,1.88
1362003,1.82,1.91,1.94,1.87
1363003,1.82,1.91,1.94,1.88
1364003,1.82,1.9,1.94,1.87
1365003,1.82,1.91,1.94,1.87
1366003,1.81,1.9,1.94,1.87
1367003,1.82,1.9,1.94,1.87
1368003,1.81,1.9,1.94,1.87
1369004,1.81,1.9,1.94,1.87
1370003,1.81,1.9,1.93,1.87
1371003,1.81,1.9,1.94,1.87
1372003,1.81,1.9,1.94,1.87
1373003,1.81,1.9,1.94,1.87
1374003,1.81,1.9,1.94,1.87
1375003,1.82,1.91,1.95,1.88
1376003,1.82,1.91,1.94,1.88
1377003,1.83,1.92,1.95,1.89
1378003,1.84,1.92,1.96,1.89
1379003,1.84,1.92,1.96,1.89
1380003,1.84,1.93,1.96,1.9
1381003,1.84,1.93,1.96,1.9
1382003,1.84,1.93,1.96,1.89
1383003,1.84,1.93,1.96,1.89
1384003,1.83,1.92,1.95,1.88
1385004,1.82,1.91,1.94,1.87
1386003,1.82,1.91,1.94,1.87
1387003,1.81,1.9,1.93,1.87
1388003,1.81,1.9,1.93,1.86
1389003,1.81,1.9,1.94,1.87
1390003,1.81,1.9,1.94,1.87
1391003,1.82,1.91,1.95,1.88
1392003,1.82,1.91,1.95,1.88
1393003,1.83,1.92,1.96,1.89
1394003,1.84,1.93,1.96,1.89
1395003,1.84,1.92,1.96,1.89
1396003,1.83,1.92,1.95,1.88
1397003,1.83,1.92,1.95,1.88
1398003,1.82,1.9,1.94,1.87
1399003,1.81,1.9,1.94,1.87
1400003,1.81,1.9,1.93,1.86
1401004,1.81,1.9,1.94,1.87
1402003,1.81,1.9,1.94,1.87
1403003,1.82,1.91,1.95,1.88
1404003,1.82,1.91,1.95,1.88
1405003,1.83,1.92,1.96,1.89
1406003,1.83,1.92,1.95,1.89
1407003,1.84,1.92,1.96,1.89
1408003,1.84,1.92,1.96,1.89
1409003,1.84,1.92,1.96,1.89
1410003,1.83,1.92,1.95,1.89
1411003,1.83,1.92,1.95,1.89
1412003,1.83,1.91,1.95,1.88
1413003,1.83,1.91,1.95,1.88
1414003,1.82,1.91,1.94,1.87
1415003,1.82,1.91,1.94,1.87
1416003,1.81,1.9,1.93,1.87
1417004,1.81,1.9,1.93,1.86
1418003,1.81,1.9,1.93,1.86
1419003,1.81,1.89,1.93,1.86
1420003,1.81,1.89,1.93,1.86
1421003,1.81,1.9,1.93,1.87
1422003,1.81,1.89,1.93,1.86
1423003,1.81,1.9,1.94,1.87
1424003,1.81,1.9,1.93,1.87
1425003,1.82,1.91,1.94,1.88
1426003,1.83,1.91,1.95,1.89
1427003,1.82,1.91,1.95,1.88
1428003,1.83,1.92,1.96,1.89
1429003,1.83,1.92,1.95,1.89
1430003,1.84,1.92,1.96,1.89
1431003,1.83,1.92,1.96,1.89
1432003,1.84,1.92,1.96,1.89
1433004,1.83,1.92,1.95,1.88
1434003,1.83,1.92,1.95,1.89
1435003,1.82,1.91,1.94,1.87
1436003,1.83,1.91,1.95,1.88
1437003,1.81,1.9,1.94,1.87
1438003,1.82,1.9,1.94,1.87
1439003,1.81,1.89,1.93,1.86
1440003,1.81,1.89,1.93,1.86
1441003,1.8,1.89,1.93,1.86
1442003,1.81,1.9,1.93,1.87
1443003,1.81,1.89,1.93,1.86
1444003,1.81,1.9,1.94,1.88
1445003,1.81,1.9,1.94,1.87
1446003,1.82,1.91,1.95,1.88
1447003,1.82,1.91,1.95,1.88
1448003,1.83,1.92,1.95,1.89
1449004,1.83,1.92,1.96,1.89
1450003,1.83,1.92,1.96,1.89
1451003,1.83,1.91,1.95,1.88
1452003,1.83,1.91,1.95,1.88
1453003,1.82,1.9,1.94,1.87
1454003,1.82,1.9,1.94,1.87
1455003,1.81,1.89,1.93,1.86
1456003,1.81,1.89,1.93,1.86
1457003,1.8,1.89,1.93,1.86
1458003,1.81,1.9,1.93,1.87
1459003,1.81,1.9,1.94,1.87
1460003,1.82,1.91,1.95,1.88
1461003,1.83,1.91,1.95,1.88
1462003,1.83,1.92,1.95,1.89
1463003,1.83,1.92,1.95,1.89
1464003,1.83,1.91,1.95,1.88
1465004,1.81,1.9,1.94,1.87
1466003,1.81,1.9,1.93,1.86
1467003,1.8,1.89,1.93,1.86
1468003,1.8,1.89,1.93,1.86
1469003,1.8,1.89,1.93,1.86
1470003,1.81,1.89,1.93,1.87
1471003,1.82,1.91,1.94,1.88
1472003,1.82,1.91,1.94,1.88
1473003,1.83,1.92,1.95,1.89
1474003,1.83,1.92,1.95,1.88
1475003,1.83,1.92,1.95,1.88
1476003,1.82,1.91,1.94,1.87
1477003,1.82,1.91,1.94,1.87
1478003,1.81,1.89,1.93,1.86
1479003,1.81,1.89,1.93,1.86
1480003,1.8,1.89,1.92,1.86
1481004,1.81,1.89,1.93,1.86
1482003,1.8,1.89,1.93,1.87
1483003,1.82,1.91,1.94,1.88
1484003,1.82,1.91,1.94,1.88
1485003,1.83,1.91,1.95,1.89
1486003,1.83,1.91,1.95,1.89
1487003,1.83,1.92,1.95,1.88
1488003,1.83,1.92,1.95,1.88
1489003,1.82,1.91,1.94,1.88
1490003,1.81,1.9,1.93,1.86
1491003,1.81,1.9,1.93,1.86
1492003,1.8,1.89,1.93,1.86
1493003,1.8,1.89,1.93,1.86
1494003,1.8,1.89,1.92,1.86
1495003,1.8,1.89,1.92,1.86
1496003,1.8,1.89,1.93,1.86
1497004,1.81,1.9,1.94,1.87
1498003,1.81,1.9,1.94,1.87
1499003,1.82,1.91,1.95,1.88
1500003,1.82,1.91,1.95,1.88
1501003,1.83,1.91,1.95,1.89
1502003,1.83,1.91,1.95,1.88
1503003,1.83,1.91,1.95,1.88
1504003,1.83,1.91,1.95,1.88
1505003,1.83,1.91,1.95,1.88
1506003,1.82,1.9,1.94,1.87
1507003,1.82,1.91,1.94,1.87
1508003,1.81,1.9,1.93,1.86
1509003,1.81,1.9,1.93,1.86
1510003,1.8,1.89,1.93,1.86
1511003,1.8,1.89,1.93,1.86
1512003,1.8,1.88,1.92,1.85
1513004,1.8,1.89,1.92,1.86
1514003,1.8,1.89,1.92,1.86
1515003,1.8,1.89,1.93,1.86
1516003,1.8,1.89,1.93,1.86
1517003,1.81,1.9,1.94,1.87
1518003,1.81,1.9,1.94,1.87
1519003,1.82,1.91,1.94,1.88
1520003,1.82,1.9,1.94,1.88
1521003,1.82,1.91,1.95,1.88
1522003,1.83,1.91,1.95,1.88
1523003,1.83,1.91,1.95,1.88
1524003,1.83,1.91,1.95,1.88
1525003,1.83,1.91,1.95,1.88
1526003,1.82,1.91,1.94,1.88
1527003,1.83,1.91,1.95,1.88
1528003,1.82,1.9,1.94,1.87
1529004,1.81,1.9,1.93,1.86
1530003,1.82,1.9,1.94,1.87
1531003,1.81,1.89,1.93,1.86
1532003,1.81,1.9,1.93,1.86
1533003,1.81,1.89,1.93,1.86
1534003,1.81,1.89,1.93,1.86
1535003,1.8,1.89,1.92,1.85
1536003,1.8,1.89,1.93,1.86
1537003,1.8,1.88,1.92,1.85
1538003,1.8,1.88,1.92,1.85
1539003,1.8,1.88,1.92,1.85
1540003,1.8,1.89,1.93,1.86
1541003,1.8,1.89,1.93,1.86
1542003,1.81,1.9,1.94,1.87
1543003,1.81,1.9,1.93,1.87
1544003,1.82,1.91,1.94,1.88
1545004,1.83,1.91,1.95,1.88
1546003,1.83,1.91,1.95,1.88
1547003,1.82,1.91,1.94,1.88
1548003,1.82,1.91,1.94,1.88
1549003,1.81,1.9,1.93,1.87
1550003,1.82,1.9,1.93,1.87
1551003,1.8,1.89,1.93,1.86
1552003,1.8,1.89,1.93,1.86
1553003,1.8,1.88,1.92,1.85
1554003,1.8,1.88,1.92,1.85
1555003,1.8,1.88,1.92,1.85
1556003,1.8,1.88,1.92,1.86
1557003,1.8,1.88,1.92,1.85
1558003,1.8,1.89,1.93,1.86
1559003,1.8,1.89,1.93,1.86
1560003,1.81,1.9,1.94,1.87
1561004,1.82,1.91,1.94,1.88
1562003,1.81,1.9,1.94,1.87
1563003,1.82,1.91,1.94,1.88
1564003,1.82,1.91,1.94,1.88
1565003,1.82,1.91,1.94,1.88
1566003,1.82,1.91,1.94,1.88
1567003,1.82,1.9,1.94,1.87
1568003,1.82,1.9,1.94,1.87
1569003,1.81,1.9,1.93,1.86
1570003,1.8,1.89,1.92,1.85
1571003,1.8,1.89,1.93,1.86
1572003,1.8,1.88,1.92,1.85
1573003,1.8,1.88,1.92,1.85
1574003,1.8,1.88,1.92,1.85
1575003,1.8,1.88,1.92,1.85
1576003,1.8,1.88,1.92,1.85
1577004,1.81,1.89,1.93,1.87
1578003,1.81,1.89,1.93,1.87
1579003,1.82,1.9,1.94,1.88
1580003,1.82,1.9,1.94,1.88
1581003,1.82,1.91,1.94,1.88
1582003,1.82,1.91,1.94,1.88
1583003,1.81,1.9,1.93,1.86
1584003,1.81,1.9,1.93,1.86
1585003,1.8,1.88,1.92,1.85
1586003,1.8,1.88,1.92,1.85
1587003,1.8,1.88,1.92,1.85
1588003,1.8,1.88,1.92,1.85
1589003,1.8,1.88,1.92,1.85
1590003,1.81,1.89,1.93,1.87
1591003,1.81,1.9,1.93,1.87
1592003,1.82,1.9,1.94,1.88
1593004,1.82,1.91,1.94,1.88
1594003,1.82,1.91,1.94,1.88
1595003,1.82,1.9,1.93,1.87
1596003,1.81,1.9,1.93,1.87
1597003,1.8,1.89,1.92,1.85
1598003,1.8,1.89,1.92,1.85
1599003,1.8,1.88,1.92,1.85
1600003,1.8,1.88,1.92,1.85
1601003,1.79,1.88,1.92,1.85
1602003,1.8,1.88,1.92,1.86
1603003,1.8,1.89,1.92,1.86
1604003,1.81,1.9,1.94,1.87
1605003,1.81,1.9,1.94,1.87
1606003,1.82,1.9,1.94,1.88
1607003,1.82,1.9,1.94,1.88
1608003,1.82,1.9,1.94,1.87
1609004,1.81,1.9,1.93,1.87
1610003,1.81,1.9,1.93,1.87
1611003,1.8,1.89,1.92,1.85
1612003,1.8,1.88,1.92,1.85
1613003,1.8,1.88,1.91,1.85
1614003,1.79,1.88,1.91,1.85
1615003,1.8,1.88,1.92,1.85
1616003,1.8,1.88,1.92,1.85
1617003,1.8,1.89,1.93,1.86
1618003,1.82,1.9,1.94,1.87
1619003,1.82,1.9,1.94,1.87
1620003,1.82,1.9,1.94,1.87
1621003,1.82,1.9,1.94,1.87
1622003,1.81,1.9,1.93,1.86
1623003,1.81,1.9,1.93,1.86
1624004,1.8,1.88,1.92,1.85
1625004,1.8,1.88,1.91,1.85
1626004,1.79,1.88,1.91,1.85
1627003,1.79,1.88,1.92,1.85
1628003,1.8,1.88,1.92,1.85
1629003,1.8,1.89,1.93,1.86
1630003,1.8,1.89,1.93,1.86
1631003,1.81,1.9,1.94,1.87
1632003,1.82,1.9,1.94,1.87
1633003,1.82,1.9,1.94,1.87
1634003,1.82,1.9,1.94,1.87
1635003,1.81,1.9,1.93,1.87
1636003,1.8,1.88,1.92,1.85
1637003,1.8,1.88,1.92,1.85
1638003,1.79,1.87,1.91,1.84
1639003,1.79,1.87,1.91,1.85
1640003,1.8,1.88,1.92,1.85
1641004,1.81,1.89,1.93,1.87
1642003,1.81,1.9,1.94,1.87
1643003,1.82,1.9,1.94,1.87
1644003,1.82,1.9,1.94,1.87
1645003,1.81,1.9,1.93,1.87
1646003,1.81,1.89,1.93,1.86
1647004,1.8,1.88,1.92,1.85
1648003,1.8,1.88,1.92,1.85
1649003,1.79,1.87,1.91,1.85
1650003,1.8,1.88,1.92,1.86
1651004,1.8,1.89,1.93,1.86
1652003,1.82,1.9,1.94,1.87
1653003,1.82,1.9,1.94,1.87
1654003,1.82,1.9,1.94,1.87
1655003,1.82,1.9,1.94,1.87
1656003,1.8,1.89,1.92,1.86
1657004,1.8,1.88,1.91,1.84
1658003,1.8,1.88,1.91,1.84
1659003,1.79,1.87,1.91,1.84
1660003,1.79,1.87,1.91,1.84
1661003,1.8,1.88,1.92,1.85
1662003,1.8,1.88,1.92,1.85
1663003,1.81,1.89,1.93,1.87
1664003,1.81,1.89,1.93,1.87
1665003,1.81,1.9,1.94,1.87
1666003,1.82,1.9,1.94,1.87
1667003,1.82,1.9,1.94,1.87
1668003,1.81,1.9,1.93,1.86
1669003,1.81,1.9,1.93,1.86
1670003,1.8,1.89,1.92,1.85
1671003,1.8,1.89,1.92,1.85
1672003,1.8,1.88,1.91,1.84
1673004,1.79,1.87,1.91,1.84
1674003,1.79,1.87,1.91,1.84
1675003,1.79,1.87,1.91,1.85
1676003,1.79,1.87,1.91,1.85
1677003,1.8,1.88,1.92,1.86
1678003,1.8,1.88,1.92,1.86
1679003,1.81,1.89,1.93,1.87
1680003,1.81,1.89,1.93,1.87
1681003,1.81,1.9,1.94,1.87
1682003,1.82,1.9,1.94,1.87
1683003,1.82,1.9,1.94,1.87
1684003,1.81,1.9,1.93,1.87
1685003,1.81,1.9,1.93,1.87
1686003,1.81,1.89,1.93,1.86
1687003,1.81,1.89,1.93,1.86
1688003,1.8,1.88,1.92,1.85
1689004,1.79,1.87,1.91,1.84
1690003,1.8,1.88,1.91,1.84
1691003,1.79,1.87,1.91,1.84
1692003,1.79,1.87,1.91,1.84
1693003,1.79,1.87,1.91,1.84
1694003,1.79,1.87,1.91,1.84
1695003,1.79,1.87,1.91,1.85
1696003,1.79,1.87,1.91,1.84
1697003,1.79,1.88,1.92,1.85
1698003,1.8,1.88,1.92,1.86
1699003,1.8,1.88,1.92,1.85
1700003,1.8,1.89,1.93,1.86
1701003,1.8,1.89,1.92,1.86
1702003,1.81,1.89,1.93,1.87
1703003,1.8,1.89,1.93,1.86
1704003,1.81,1.9,1.94,1.87
1705004,1.82,1.9,1.94,1.87
1706003,1.81,1.9,1.94,1.87
1707003,1.82,1.9,1.94,1.87
1708003,1.82,1.9,1.94,1.87
1709003,1.81,1.9,1.93,1.87
1710003,1.82,1.9,1.94,1.87
1711003,1.81,1.89,1.93,1.86
1712003,1.81,1.89,1.93,1.86
1713003,1.8,1.88,1.92,1.85
1714003,1.79,1.87,1.91,1.84
1715003,1.79,1.87,1.91,1.84
1716003,1.79,1.87,1.91,1.84
1717003,1.79,1.87,1.91,1.84
1718003,1.79,1.87,1.91,1.85
1719003,1.79,1.87,1.91,1.85
1720003,1.8,1.89,1.93,1.86
1721004,1.81,1.9,1.93,1.87
1722003,1.81,1.9,1.94,1.87
1723003,1.82,1.9,1.94,1.87
1724003,1.82,1.9,1.94,1.87
1725003,1.81,1.89,1.93,1.86
1726003,1.8,1.89,1.92,1.85
1727003,1.79,1.87,1.91,1.84
1728004,1.79,1.87,1.91,1.84
1729004,1.79,1.87,1.91,1.84
1730003,1.8,1.88,1.92,1.85
1731004,1.8,1.88,1.92,1.86
1732004,1.81,1.89,1.93,1.87
1733004,1.81,1.9,1.93,1.87
1734003,1.81,1.9,1.93,1.87
1735003,1.81,1.9,1.93,1.86
1736004,1.8,1.88,1.92,1.85
1737005,1.79,1.87,1.91,1.84
1738004,1.79,1.87,1.91,1.84
1739004,1.79,1.87,1.91,1.84
1740004,1.79,1.87,1.91,1.84
1741003,1.8,1.88,1.92,1.86
1742004,1.8,1.89,1.93,1.86
1743004,1.81,1.9,1.93,1.87
1744004,1.81,1.9,1.93,1.87
1745004,1.81,1.89,1.93,1.86
1746004,1.8,1.88,1.92,1.85
1747003,1.8,1.88,1.92,1.85
1748004,1.79,1.87,1.91,1.84
1749004,1.79,1.87,1.91,1.84
1750004,1.79,1.87,1.91,1.84
1751004,1.79,1.87,1.91,1.84
1752004,1.8,1.88,1.92,1.85
1753005,1.81,1.89,1.93,1.86
1754003,1.81,1.89,1.93,1.87
1755004,1.81,1.9,1.93,1.87
1756004,1.81,1.9,1.93,1.87
1757003,1.81,1.89,1.93,1.86
1758003,1.81,1.89,1.93,1.86
1759004,1.8,1.88,1.91,1.84
1760004,1.8,1.88,1.91,1.84
1761003,1.79,1.87,1.91,1.84
1762004,1.79,1.87,1.91,1.84
1763004,1.79,1.87,1.91,1.84
1764003,1.79,1.88,1.92,1.85
1765003,1.79,1.88,1.92,1.85
1766003,1.8,1.89,1.93,1.86
1767003,1.8,1.89,1.93,1.86
1768004,1.81,1.89,1.93,1.87
1769005,1.81,1.89,1.93,1.86
1770003,1.81,1.89,1.93,1.86
1771003,1.8,1.88,1.92,1.85
1772004,1.8,1.88,1.92,1.85
1773004,1.79,1.87,1.91,1.84
1774004,1.79,1.87,1.91,1.84
1775004,1.78,1.87,1.9,1.84
1776003,1.78,1.87,1.9,1.84
1777004,1.79,1.87,1.91,1.84
1778004,1.8,1.88,1.92,1.85
1779003,1.8,1.88,1.92,1.85
1780004,1.8,1.89,1.93,1.86
1781003,1.8,1.89,1.93,1.86
1782004,1.81,1.89,1.93,1.87
1783004,1.81,1.89,1.93,1.86
1784004,1.81,1.89,1.93,1.86
1785005,1.8,1.88,1.92,1.85
1786004,1.8,1.88,1.92,1.85
1787004,1.79,1.87,1.91,1.84
1788004,1.8,1.87,1.91,1.84
1789003,1.79,1.87,1.9,1.84
1790004,1.79,1.87,1.9,1.84
1791004,1.78,1.86,1.9,1.84
1792004,1.78,1.86,1.9,1.83
1793004,1.79,1.87,1.91,1.84
1794004,1.79,1.88,1.92,1.85
1795004,1.79,1.87,1.91,1.85
1796004,1.8,1.88,1.92,1.86
1797004,1.8,1.88,1.92,1.86
1798004,1.8,1.89,1.93,1.86
1799004,1.8,1.89,1.93,1.86
1800003,1.81,1.89,1.93,1.86
1801005,1.81,1.89,1.93,1.86
1802004,1.81,1.89,1.93,1.86
1803004,1.8,1.89,1.92,1.86
1804004,1.81,1.89,1.93,1.86
1805004,1.8,1.88,1.92,1.85
1806004,1.8,1.88,1.92,1.85
1807004,1.79,1.87,1.91,1.84
1808004,1.8,1.87,1.91,1.84
1809004,1.79,1.87,1.9,1.83
1810004,1.78,1.86,1.9,1.83
1811004,1.78,1.86,1.9,1.83
1812004,1.78,1.86,1.9,1.84
1813004,1.78,1.86,1.9,1.84
1814004,1.79,1.87,1.91,1.84
1815004,1.79,1.87,1.91,1.84
1816004,1.8,1.88,1.92,1.86
1817004,1.81,1.89,1.93,1.86
1818004,1.81,1.89,1.93,1.86
1819004,1.81,1.89,1.93,1.86
1820004,1.81,1.89,1.93,1.86
1821004,1.8,1.89,1.92,1.85
1822003,1.8,1.89,1.92,1.85
1823003,1.79,1.87,1.91,1.84
1824004,1.79,1.87,1.91,1.84
1825004,1.78,1.86,1.9,1.83
1826004,1.78,1.87,1.91,1.84
1827004,1.79,1.87,1.91,1.84
1828004,1.8,1.88,1.92,1.85
1829004,1.8,1.88,1.92,1.86
1830004,1.81,1.89,1.93,1.86
1831004,1.81,1.89,1.93,1.86
1832004,1.8,1.89,1.92,1.85
1833005,1.79,1.87,1.91,1.84
1834004,1.79,1.87,1.9,1.84
1835004,1.78,1.86,1.9,1.83
1836004,1.78,1.87,1.9,1.84
1837004,1.8,1.88,1.92,1.85
1838004,1.8,1.88,1.92,1.86
1839004,1.81,1.89,1.93,1.86
1840004,1.81,1.89,1.93,1.86
1841003,1.8,1.88,1.92,1.85
1842004,1.78,1.86,1.9,1.83
1843004,1.78,1.86,1.9,1.83
1844004,1.78,1.86,1.9,1.84
1845004,1.78,1.87,1.91,1.84
1846004,1.8,1.88,1.92,1.86
1847004,1.8,1.88,1.92,1.86
1848003,1.81,1.89,1.93,1.86
1849005,1.8,1.88,1.92,1.85
1850004,1.8,1.88,1.92,1.85
1851004,1.79,1.86,1.9,1.83
1852003,1.78,1.86,1.9,1.83
1853004,1.78,1.86,1.9,1.83
1854004,1.78,1.86,1.9,1.83
1855004,1.79,1.87,1.91,1.84
1856003,1.79,1.87,1.91,1.85
1857004,1.8,1.88,1.92,1.86
1858003,1.8,1.89,1.93,1.86
1859003,1.81,1.89,1.93,1.86
1860003,1.8,1.88,1.92,1.85
1861004,1.8,1.88,1.92,1.85
1862004,1.79,1.87,1.91,1.84
1863004,1.79,1.87,1.91,1.84
1864004,1.78,1.86,1.9,1.83
1865005,1.78,1.86,1.9,1.83
1866004,1.78,1.86,1.9,1.83
1867004,1.78,1.86,1.9,1.84
1868004,1.78,1.86,1.9,1.84
1869004,1.79,1.87,1.91,1.85
1870004,1.79,1.87,1.91,1.84
1871004,1.8,1.88,1.92,1.85
1872004,1.8,1.88,1.92,1.85
1873004,1.8,1.89,1.93,1.86
1874004,1.8,1.89,1.93,1.86
1875004,1.8,1.89,1.93,1.86
1876003,1.8,1.88,1.92,1.85
1877004,1.8,1.88,1.92,1.85
1878004,1.8,1.88,1.91,1.85
1879004,1.8,1.88,1.92,1.85
1880004,1.79,1.87,1.91,1.84
1881005,1.78,1.86,1.9,1.83
1882004,1.78,1.86,1.9,1.83
1883003,1.78,1.86,1.9,1.83
1884004,1.78,1.86,1.9,1.83
1885004,1.78,1.86,1.9,1.84
1886003,1.78,1.86,1.9,1.84
1887004,1.79,1.87,1.91,1.85
1888004,1.79,1.87,1.91,1.85
1889004,1.8,1.88,1.92,1.86
1890003,1.8,1.89,1.92,1.86
1891004,1.8,1.89,1.92,1.86
1892004,1.8,1.88,1.92,1.85
1893004,1.8,1.88,1.92,1.85
1894004,1.79,1.87,1.9,1.83
1895004,1.79,1.86,1.9,1.83
1896004,1.78,1.86,1.9,1.83
1897005,1.78,1.86,1.9,1.83
1898004,1.78,1.86,1.9,1.83
1899004,1.79,1.87,1.91,1.85
1900004,1.79,1.87,1.91,1.85
1901004,1.8,1.88,1.92,1.86
1902004,1.8,1.88,1.92,1.86
1903004,1.8,1.88,1.92,1.85
1904004,1.8,1.88,1.92,1.85
1905004,1.8,1.88,1.91,1.84
1906003,1.79,1.86,1.9,1.83
1907004,1.79,1.86,1.9,1.83
1908004,1.78,1.86,1.9,1.83
1909004,1.78,1.86,1.9,1.83
1910004,1.78,1.86,1.9,1.83
1911004,1.78,1.86,1.9,1.83
1912004,1.79,1.87,1.91,1.84
1913005,1.8,1.88,1.92,1.85
1914004,1.8,1.88,1.92,1.85
1915004,1.8,1.89,1.92,1.86
1916004,1.8,1.88,1.92,1.86
1917004,1.8,1.88,1.92,1.85
1918004,1.8,1.88,1.92,1.85
1919004,1.79,1.87,1.9,1.83
1920004,1.79,1.87,1.9,1.83
1921003,1.78,1.86,1.9,1.83
1922004,1.78,1.86,1.9,1.83
1923004,1.78,1.86,1.9,1.83
1924004,1.79,1.87,1.91,1.84
1925004,1.79,1.87,1.91,1.84
1926004,1.8,1.88,1.92,1.85
1927003,1.8,1.88,1.92,1.85
1928004,1.8,1.88,1.92,1.86
1929005,1.8,1.88,1.92,1.85
1930004,1.8,1.88,1.92,1.85
1931004,1.79,1.87,1.91,1.84
1932004,1.79,1.87,1.9,1.83
1933004,1.78,1.86,1.9,1.83
1934004,1.78,1.86,1.9,1.83
1935004,1.77,1.86,1.89,1.83
1936004,1.77,1.86,1.9,1.83
1937004,1.78,1.86,1.9,1.84
1938004,1.79,1.87,1.91,1.85
1939004,1.79,1.87,1.91,1.85
1940003,1.8,1.88,1.92,1.85
1941004,1.8,1.88,1.92,1.85
1942004,1.8,1.88,1.92,1.85
1943004,1.8,1.88,1.92,1.85
1944004,1.8,1.88,1.92,1.85
1945005,1.79,1.87,1.91,1.84
1946003,1.8,1.87,1.91,1.84
1947003,1.78,1.86,1.9,1.83
1948004,1.79,1.86,1.9,1.83
1949004,1.78,1.86,1.89,1.82
1950004,1.78,1.86,1.9,1.83
1951004,1.77,1.85,1.89,1.83
1952004,1.77,1.85,1.89,1.82
1953004,1.78,1.86,1.9,1.83
1954004,1.79,1.87,1.91,1.84
1955004,1.79,1.87,1.91,1.84
1956004,1.8,1.88,1.92,1.85
1957004,1.8,1.88,1.92,1.85
1958004,1.8,1.88,1.92,1.85
1959004,1.8,1.88,1.92,1.85
1960004,1.8,1.88,1.92,1.85
1961005,1.79,1.87,1.91,1.84
1962004,1.79,1.87,1.91,1.84
1963004,1.78,1.86,1.9,1.83
1964004,1.78,1.86,1.9,1.83
1965004,1.77,1.85,1.89,1.82
1966004,1.77,1.85,1.89,1.82
1967003,1.78,1.86,1.9,1.83
1968004,1.78,1.86,1.9,1.83
1969004,1.79,1.87,1.91,1.84
1970004,1.8,1.88,1.92,1.85
1971004,1.8,1.88,1.92,1.85
1972004,1.8,1.88,1.92,1.85
1973004,1.8,1.88,1.92,1.85
1974004,1.79,1.87,1.91,1.84
1975004,1.79,1.87,1.91,1.84
1976004,1.78,1.86,1.9,1.83
1977005,1.77,1.85,1.89,1.82
1978004,1.77,1.85,1.89,1.82
1979004,1.78,1.86,1.9,1.84
1980003,1.78,1.86,1.9,1.84
1981004,1.8,1.88,1.92,1.85
1982004,1.8,1.88,1.92,1.85
1983004,1.8,1.88,1.92,1.85
1984004,1.8,1.88,1.92,1.85
1985004,1.79,1.87,1.91,1.84
1986004,1.78,1.86,1.9,1.83
1987004,1.78,1.85,1.89,1.82
1988004,1.77,1.85,1.89,1.82
1989004,1.77,1.85,1.89,1.82
1990004,1.78,1.86,1.9,1.84
1991004,1.78,1.86,1.91,1.84
1992004,1.8,1.88,1.92,1.85
1993005,1.8,1.88,1.92,1.85
1994004,1.8,1.88,1.92,1.85
1995004,1.79,1.87,1.91,1.84
1996003,1.79,1.87,1.91,1.84
1997004,1.78,1.85,1.89,1.82
1998004,1.78,1.85,1.89,1.82
1999004,1.77,1.85,1.89,1.82
2000004,1.77,1.85,1.89,1.82
2001004,1.78,1.86,1.9,1.84
2002004,1.8,1.88,1.92,1.85
2003004,1.8,1.88,1.92,1.85
2004004,1.8,1.88,1.92,1.85
2005004,1.8,1.88,1.92,1.85
2006004,1.79,1.87,1.91,1.84
2007004,1.79,1.87,1.91,1.84
2008004,1.78,1.86,1.9,1.83
2009005,1.77,1.85,1.89,1.82
2010004,1.77,1.85,1.89,1.82
2011004,1.77,1.86,1.9,1.83
2012004,1.78,1.86,1.9,1.83
2013004,1.79,1.87,1.91,1.84
2014004,1.79,1.87,1.91,1.84
2015004,1.8,1.88,1.92,1.85
2016004,1.8,1.88,1.92,1.85
2017004,1.8,1.88,1.92,1.85
2018004,1.8,1.87,1.91,1.84
2019004,1.79,1.87,1.91,1.84
2020004,1.78,1.86,1.9,1.83
2021004,1.78,1.86,1.9,1.83
2022004,1.77,1.85,1.89,1.82
2023004,1.77,1.85,1.89,1.82
2024004,1.77,1.85,1.89,1.82
2025005,1.78,1.86,1.9,1.83
2026004,1.78,1.86,1.9,1.83
2027004,1.79,1.87,1.91,1.84
2028004,1.79,1.87,1.91,1.84
2029004,1.8,1.88,1.92,1.85
2030004,1.8,1.88,1.92,1.85
2031004,1.8,1.88,1.92,1.85
2032004,1.8,1.88,1.92,1.85
2033004,1.8,1.87,1.91,1.84
2034004,1.79,1.87,1.9,1.84
2035004,1.79,1.87,1.9,1.83
2036004,1.78,1.86,1.9,1.82
2037004,1.78,1.86,1.9,1.83
2038004,1.77,1.85,1.89,1.82
2039004,1.77,1.85,1.89,1.82
2040004,1.77,1.85,1.89,1.83
2041005,1.78,1.86,1.9,1.84
2042004,1.78,1.86,1.9,1.83
2043004,1.79,1.87,1.91,1.85
2044004,1.79,1.87,1.91,1.85
2045004,1.8,1.88,1.92,1.85
2046004,1.8,1.88,1.92,1.85
2047004,1.8,1.88,1.92,1.85
2048004,1.8,1.88,1.92,1.85
2049004,1.8,1.88,1.91,1.84
2050004,1.79,1.86,1.9,1.83
2051004,1.79,1.86,1.9,1.83
2052004,1.78,1.85,1.89,1.82
2053004,1.78,1.85,1.89,1.82
2054004,1.77,1.85,1.89,1.82
2055004,1.77,1.85,1.89,1.82
2056004,1.77,1.86,1.9,1.83
2057005,1.79,1.87,1.91,1.84
2058004,1.79,1.87,1.91,1.84
2059004,1.8,1.88,1.92,1.85
2060004,1.8,1.88,1.92,1.85
2061004,1.8,1.88,1.92,1.85
2062004,1.8,1.88,1.92,1.85
2063004,1.79,1.87,1.91,1.84
2064004,1.79,1.86,1.9,1.83
2065004,1.77,1.85,1.89,1.82
2066004,1.77,1.85,1.89,1.82
2067004,1.77,1.85,1.89,1.82
2068004,1.78,1.86,1.9,1.84
2069004,1.78,1.86,1.9,1.84
2070004,1.8,1.87,1.92,1.85
2071004,1.8,1.88,1.92,1.85
2072004,1.8,1.88,1.92,1.85
2073005,1.79,1.87,1.91,1.84
2074004,1.79,1.86,1.9,1.83
2075004,1.77,1.85,1.89,1.82
2076004,1.77,1.85,1.89,1.82
2077004,1.77,1.85,1.89,1.82
2078004,1.77,1.85,1.9,1.83
2079004,1.79,1.87,1.91,1.84
2080004,1.79,1.87,1.91,1.85
2081004,1.8,1.88,1.92,1.85
2082004,1.8,1.87,1.91,1.84
2083004,1.79,1.87,1.91,1.84
2084004,1.78,1.85,1.89,1.82
2085004,1.77,1.85,1.89,1.82
2086004,1.77,1.85,1.89,1.82
2087004,1.77,1.85,1.9,1.83
2088004,1.79,1.87,1.91,1.85
2089005,1.8,1.88,1.92,1.85
2090004,1.8,1.88,1.92,1.85
2091004,1.79,1.86,1.9,1.83
2092004,1.78,1.86,1.9,1.83
2093004,1.77,1.85,1.89,1.82
2094004,1.77,1.85,1.89,1.82
2095004,1.78,1.86,1.9,1.84
2096004,1.79,1.87,1.91,1.84
2097004,1.8,1.88,1.92,1.85
2098004,1.8,1.87,1.91,1.84
2099004,1.79,1.87,1.91,1.84
2100004,1.78,1.85,1.89,1.82
2101004,1.77,1.85,1.89,1.82
2102004,1.77,1.85,1.89,1.82
2103004,1.77,1.85,1.89,1.82
2104004,1.78,1.86,1.91,1.84
2105005,1.8,1.88,1.92,1.85
2106004,1.8,1.88,1.92,1.85
2107004,1.8,1.87,1.91,1.84
2108004,1.8,1.87,1.91,1.84
2109004,1.78,1.86,1.9,1.83
2110004,1.78,1.86,1.89,1.82
2111004,1.77,1.85,1.89,1.82
2112004,1.77,1.85,1.89,1.82
2113004,1.78,1.86,1.9,1.83
2114004,1.79,1.87,1.91,1.85
2115004,1.8,1.87,1.92,1.85
2116004,1.8,1.88,1.92,1.85
2117004,1.8,1.88,1.92,1.85
2118004,1.79,1.87,1.91,1.83
2119004,1.79,1.86,1.9,1.83
2120004,1.77,1.85,1.89,1.82
2121005,1.77,1.85,1.89,1.82
2122004,1.77,1.85,1.89,1.82
2123004,1.78,1.86,1.9,1.83
2124004,1.78,1.86,1.9,1.83
2125004,1.79,1.87,1.91,1.84
2126004,1.79,1.87,1.91,1.84
2127004,1.8,1.88,1.92,1.85
2128004,1.8,1.88,1.92,1.85
2129004,1.8,1.87,1.92,1.85
2130004,1.79,1.87,1.91,1.84
2131004,1.79,1.87,1.91,1.84
2132004,1.78,1.86,1.9,1.82
2133004,1.78,1.86,1.9,1.83
2134004,1.77,1.85,1.89,1.82
2135004,1.77,1.85,1.89,1.82
2136004,1.77,1.85,1.89,1.82
2137005,1.78,1.86,1.9,1.83
2138004,1.78,1.86,1.9,1.84
2139004,1.79,1.87,1.91,1.85
2140004,1.79,1.87,1.91,1.85
2141004,1.8,1.88,1.92,1.85
2142004,1.8,1.88,1.92,1.85
2143004,1.79,1.87,1.91,1.84
2144004,1.79,1.87,1.91,1.84
2145004,1.78,1.86,1.9,1.83
2146004,1.77,1.85,1.89,1.82
2147004,1.77,1.85,1.89,1.82
2148004,1.77,1.85,1.89,1.82
2149004,1.77,1.85,1.89,1.82
2150004,1.78,1.86,1.91,1.84
2151004,1.78,1.86,1.91,1.84
2152004,1.8,1.87,1.92,1.85
2153005,1.8,1.87,1.91,1.85
2154004,1.8,1.87,1.91,1.84
2155004,1.78,1.86,1.9,1.83
2156004,1.78,1.86,1.9,1.82
2157004,1.77,1.85,1.89,1.82
2158004,1.77,1.85,1.89,1.82
2159004,1.78,1.86,1.9,1.83
2160004,1.78,1.86,1.91,1.84
2161004,1.8,1.87,1.92,1.85
2162004,1.79,1.87,1.91,1.84
2163004,1.79,1.87,1.91,1.84
2164004,1.77,1.85,1.89,1.82
2165004,1.77,1.85,1.89,1.82
2166004,1.77,1.85,1.89,1.83
2167004,1.78,1.86,1.9,1.83
2168004,1.8,1.87,1.92,1.85
2169005,1.8,1.87,1.91,1.84
2170004,1.79,1.87,1.91,1.84
2171004,1.77,1.85,1.89,1.82
2172004,1.77,1.85,1.89,1.82
2173004,1.77,1.85,1.89,1.83
2174004,1.78,1.86,1.9,1.83
2175004,1.8,1.87,1.92,1.85
2176004,1.8,1.87,1.92,1.85
2177004,1.79,1.87,1.91,1.84
2178004,1.77,1.85,1.89,1.82
2179004,1.77,1.85,1.89,1.82
2180004,1.77,1.85,1.89,1.82
2181004,1.77,1.85,1.9,1.83
2182004,1.79,1.87,1.91,1.85
2183004,1.79,1.87,1.91,1.85
2184004,1.8,1.87,1.91,1.84
2185005,1.78,1.86,1.9,1.83
2186004,1.78,1.86,1.9,1.83
2187004,1.77,1.85,1.89,1.82
2188004,1.77,1.85,1.89,1.82
2189004,1.77,1.85,1.89,1.82
2190004,1.77,1.85,1.89,1.82
2191004,1.78,1.86,1.9,1.83
2192004,1.78,1.86,1.9,1.83
2193004,1.79,1.87,1.91,1.85
2194004,1.8,1.87,1.92,1.85
2195004,1.8,1.87,1.92,1.85
2196004,1.8,1.87,1.91,1.84
2197004,1.8,1.87,1.91,1.84
2198004,1.79,1.86,1.9,1.83
2199004,1.79,1.86,1.9,1.83
2200004,1.78,1.85,1.89,1.82
2201005,1.77,1.85,1.89,1.82
2202004,1.77,1.85,1.89,1.82
2203004,1.77,1.85,1.89,1.82
2204004,1.77,1.85,1.89,1.82
2205004,1.77,1.86,1.9,1.83
2206004,1.77,1.85,1.9,1.83
2207004,1.79,1.87,1.91,1.84
2208004,1.79,1.87,1.91,1.84
2209004,1.8,1.87,1.92,1.85
2210004,1.8,1.87,1.91,1.84
2211004,1.79,1.87,1.91,1.84
2212004,1.78,1.86,1.9,1.83
2213004,1.78,1.86,1.9,1.83
2214004,1.77,1.85,1.89,1.82
2215004,1.77,1.85,1.89,1.82
2216004,1.77,1.85,1.89,1.82
2217005,1.78,1.86,1.9,1.84
2218004,1.78,1.86,1.91,1.84
2219004,1.8,1.87,1.91,1.85
2220004,1.8,1.87,1.92,1.85
2221004,1.79,1.87,1.91,1.84
2222004,1.79,1.87,1.91,1.84
2223004,1.77,1.85,1.89,1.82
2224004,1.77,1.85,1.89,1.82
2225004,1.77,1.85,1.89,1.82
2226004,1.77,1.85,1.9,1.83
2227004,1.77,1.85,1.9,1.83
2228004,1.79,1.87,1.91,1.84
2229004,1.79,1.87,1.91,1.84
2230004,1.8,1.87,1.91,1.85
2231004,1.8,1.87,1.91,1.84
2232004,1.79,1.86,1.9,1.83
2233005,1.77,1.85,1.89,1.82
2234004,1.77,1.85,1.89,1.82
2235004,1.76,1.84,1.89,1.82
2236004,1.76,1.85,1.89,1.82
2237004,1.77,1.85,1.9,1.83
2238004,1.78,1.86,1.9,1.83
2239004,1.79,1.87,1.91,1.84
2240004,1.79,1.87,1.91,1.84
2241004,1.8,1.87,1.91,1.84
2242004,1.79,1.86,1.9,1.83
2243004,1.78,1.86,1.9,1.83
2244004,1.77,1.85,1.89,1.82
2245004,1.77,1.85,1.89,1.82
2246004,1.76,1.84,1.89,1.82
2247004,1.76,1.85,1.89,1.82
2248004,1.78,1.86,1.9,1.83
2249005,1.79,1.87,1.91,1.84
2250004,1.79,1.87,1.91,1.84
2251004,1.79,1.87,1.91,1.84
2252004,1.79,1.87,1.91,1.84
2253004,1.78,1.86,1.9,1.83
2254004,1.78,1.85,1.9,1.82
2255004,1.77,1.85,1.89,1.82
2256004,1.77,1.85,1.89,1.82
2257004,1.77,1.85,1.89,1.82
2258004,1.78,1.86,1.9,1.84
2259004,1.78,1.86,1.91,1.84
2260004,1.79,1.87,1.91,1.85
2261004,1.79,1.87,1.91,1.85
2262004,1.79,1.87,1.91,1.84
2263004,1.79,1.87,1.91,1.84
2264004,1.78,1.86,1.9,1.83
2265005,1.77,1.85,1.89,1.82
2266004,1.77,1.85,1.89,1.82
2267004,1.77,1.84,1.89,1.82
2268004,1.76,1.85,1.89,1.82
2269004,1.77,1.85,1.9,1.83
2270004,1.77,1.85,1.9,1.83
2271004,1.79,1.86,1.91,1.84
2272004,1.79,1.86,1.91,1.84
2273004,1.79,1.87,1.91,1.85
2274004,1.79,1.87,1.91,1.84
2275004,1.79,1.87,1.91,1.84
2276004,1.78,1.86,1.9,1.83
2277004,1.79,1.86,1.9,1.83
2278004,1.77,1.85,1.89,1.82
2279004,1.77,1.85,1.89,1.82
2280004,1.77,1.84,1.89,1.82
2281005,1.77,1.85,1.89,1.82
2282004,1.77,1.85,1.89,1.82
2283004,1.78,1.86,1.9,1.83
2284004,1.78,1.86,1.9,1.83
2285004,1.79,1.87,1.91,1.84
2286004,1.79,1.87,1.91,1.84
2287004,1.8,1.87,1.91,1.84
2288004,1.8,1.87,1.91,1.84
2289004,1.79,1.86,1.9,1.83
2290004,1.77,1.85,1.89,1.82
2291004,1.77,1.85,1.89,1.82
2292004,1.76,1.84,1.89,1.82
2293004,1.76,1.84,1.89,1.82
2294004,1.78,1.86,1.9,1.83
2295004,1.78,1.86,1.9,1.84
2296004,1.79,1.87,1.91,1.85
2297005,1.79,1.87,1.91,1.84
2298004,1.79,1.87,1.91,1.84
2299004,1.78,1.85,1.89,1.82
2300004,1.77,1.85,1.89,1.82
2301004,1.76,1.84,1.88,1.81
2302004,1.76,1.84,1.88,1.82
2303004,1.77,1.85,1.89,1.82
2304004,1.77,1.85,1.9,1.83
2305004,1.79,1.86,1.91,1.84
2306004,1.79,1.87,1.91,1.84
2307004,1.79,1.87,1.91,1.84
2308004,1.79,1.87,1.91,1.84
2309004,1.79,1.87,1.91,1.84
2310004,1.78,1.86,1.9,1.83
2311004,1.78,1.86,1.9,1.83
2312004,1.77,1.85,1.89,1.82
2313005,1.76,1.84,1.88,1.81
2314004,1.76,1.84,1.88,1.81
2315004,1.76,1.84,1.89,1.82
2316004,1.76,1.84,1.89,1.82
2317004,1.77,1.85,1.89,1.83
2318004,1.77,1.85,1.89,1.83
2319004,1.78,1.86,1.9,1.84
2320004,1.78,1.86,1.9,1.84
2321004,1.79,1.87,1.91,1.84
2322004,1.79,1.87,1.91,1.84
2323004,1.79,1.87,1.91,1.84
2324004,1.79,1.86,1.9,1.83
2325004,1.79,1.86,1.9,1.83
2326004,1.77,1.85,1.89,1.82
2327004,1.77,1.85,1.89,1.82
2328004,1.76,1.84,1.88,1.81
2329005,1.76,1.84,1.89,1.82
2330004,1.76,1.84,1.89,1.82
2331004,1.77,1.85,1.9,1.83
2332004,1.77,1.85,1.9,1.83
2333004,1.79,1.86,1.91,1.84
2334004,1.79,1.87,1.91,1.84
2335004,1.79,1.87,1.91,1.84
2336004,1.79,1.87,1.91,1.84
2337004,1.79,1.87,1.91,1.84
2338004,1.78,1.86,1.9,1.83
2339004,1.78,1.86,1.9,1.83
2340004,1.77,1.85,1.89,1.82
2341004,1.78,1.85,1.89,1.82
2342004,1.77,1.84,1.88,1.81
2343004,1.77,1.84,1.89,1.81
2344004,1.76,1.84,1.88,1.81
2345005,1.76,1.84,1.89,1.82
2346004,1.76,1.84,1.89,1.82
2347004,1.77,1.85,1.9,1.83
2348004,1.77,1.85,1.9,1.83
2349004,1.78,1.86,1.91,1.84
2350004,1.78,1.86,1.91,1.84
2351004,1.79,1.87,1.91,1.84
2352004,1.79,1.87,1.91,1.84
2353004,1.79,1.87,1.91,1.84
2354004,1.79,1.86,1.9,1.83
2355004,1.79,1.86,1.9,1.83
2356004,1.78,1.85,1.89,1.82
2357004,1.78,1.85,1.89,1.82
2358004,1.77,1.84,1.88,1.81
2359004,1.77,1.84,1.89,1.81
2360004,1.76,1.84,1.88,1.81
2361005,1.76,1.84,1.88,1.81
2362004,1.76,1.84,1.88,1.81
2363004,1.77,1.85,1.89,1.82
2364004,1.76,1.84,1.89,1.82
2365004,1.77,1.85,1.9,1.83
2366004,1.77,1.85,1.89,1.83
2367004,1.78,1.86,1.9,1.83
2368004,1.78,1.86,1.9,1.83
2369004,1.79,1.86,1.91,1.84
2370004,1.79,1.87,1.91,1.84
2371004,1.79,1.87,1.91,1.84
2372004,1.79,1.87,1.91,1.84
2373004,1.79,1.87,1.91,1.84
2374004,1.79,1.87,1.91,1.84
2375004,1.79,1.87,1.91,1.84
2376004,1.79,1.86,1.9,1.83
2377005,1.78,1.85,1.89,1.82
2378004,1.78,1.86,1.9,1.83
2379004,1.77,1.85,1.89,1.82
2380004,1.77,1.85,1.89,1.82
2381004,1.76,1.84,1.88,1.81
2382004,1.77,1.84,1.89,1.81
2383004,1.76,1.84,1.88,1.81
2384004,1.76,1.84,1.88,1.81
2385004,1.76,1.84,1.88,1.81
2386004,1.76,1.84,1.89,1.82
2387004,1.76,1.84,1.88,1.81
2388004,1.77,1.85,1.89,1.82
2389004,1.76,1.84,1.89,1.82
2390004,1.77,1.85,1.9,1.83
2391004,1.77,1.85,1.89,1.83
2392004,1.78,1.86,1.9,1.84
2393005,1.79,1.87,1.91,1.84
2394004,1.79,1.87,1.91,1.84
2395004,1.79,1.87,1.91,1.84
2396004,1.79,1.87,1.91,1.84
2397004,1.79,1.86,1.91,1.83
2398004,1.79,1.86,1.9,1.83
2399004,1.78,1.86,1.9,1.83
2400004,1.78,1.86,1.9,1.83
2401004,1.77,1.85,1.89,1.82
2402004,1.76,1.84,1.88,1.81
2403004,1.76,1.84,1.88,1.81
2404004,1.76,1.84,1.88,1.81
2405004,1.76,1.84,1.88,1.81
2406004,1.77,1.85,1.89,1.83
2407004,1.77,1.85,1.89,1.83
2408004,1.78,1.86,1.91,1.84
2409005,1.79,1.87,1.91,1.84
2410004,1.79,1.87,1.91,1.84
2411004,1.78,1.86,1.9,1.83
2412004,1.78,1.86,1.9,1.83
2413004,1.77,1.85,1.89,1.82
2414004,1.77,1.85,1.89,1.81
2415004,1.76,1.84,1.88,1.81
2416004,1.76,1.84,1.88,1.81
2417004,1.76,1.84,1.89,1.82
2418004,1.78,1.86,1.9,1.83
2419004,1.78,1.86,1.9,1.83
2420004,1.79,1.87,1.91,1.84
2421004,1.79,1.87,1.91,1.84
2422004,1.79,1.86,1.91,1.84
2423004,1.79,1.86,1.9,1.83
2424004,1.78,1.85,1.89,1.82
2425005,1.76,1.84,1.88,1.81
2426004,1.76,1.84,1.88,1.81
2427004,1.76,1.84,1.88,1.81
2428004,1.76,1.84,1.88,1.81
2429004,1.77,1.85,1.9,1.83
2430004,1.77,1.85,1.9,1.83
2431004,1.79,1.86,1.91,1.84
2432004,1.79,1.87,1.91,1.84
2433004,1.79,1.86,1.91,1.84
2434004,1.78,1.85,1.89,1.82
2435004,1.78,1.85,1.89,1.82
2436004,1.76,1.84,1.88,1.81
2437004,1.76,1.84,1.88,1.81
2438004,1.76,1.84,1.88,1.81
2439004,1.76,1.84,1.88,1.81
2440004,1.77,1.85,1.89,1.82
2441005,1.78,1.86,1.9,1.83
2442004,1.78,1.86,1.9,1.83
2443004,1.79,1.87,1.91,1.84
2444004,1.79,1.87,1.91,1.84
2445004,1.79,1.86,1.91,1.83
2446004,1.79,1.86,1.91,1.83
2447004,1.78,1.85,1.9,1.82
2448004,1.78,1.85,1.9,1.82
2449004,1.77,1.84,1.88,1.81
2450004,1.76,1.84,1.88,1.81
2451004,1.76,1.84,1.88,1.81
2452004,1.76,1.84,1.88,1.81
2453004,1.76,1.84,1.88,1.81
2454004,1.76,1.84,1.89,1.82
2455004,1.76,1.84,1.89,1.82
2456004,1.78,1.85,1.9,1.83
2457005,1.78,1.86,1.91,1.84
2458004,1.79,1.86,1.91,1.84
2459004,1.79,1.86,1.91,1.84
2460004,1.79,1.86,1.91,1.84
2461004,1.78,1.86,1.9,1.83
2462004,1.78,1.86,1.9,1.83
2463004,1.77,1.85,1.89,1.82
2464004,1.77,1.85,1.89,1.82
2465004,1.76,1.84,1.88,1.81
2466004,1.76,1.84,1.88,1.81
2467004,1.76,1.84,1.88,1.81
2468004,1.76,1.84,1.88,1.81
2469004,1.76,1.84,1.88,1.81
2470004,1.77,1.85,1.89,1.82
2471004,1.77,1.85,1.89,1.82
2472004,1.78,1.85,1.9,1.83
2473005,1.78,1.86,1.91,1.84
2474004,1.78,1.86,1.91,1.84
2475004,1.79,1.86,1.91,1.84
2476004,1.79,1.86,1.91,1.84
2477004,1.79,1.86,1.91,1.83
2478004,1.79,1.86,1.91,1.84
2479004,1.78,1.86,1.9,1.83
2480004,1.78,1.86,1.9,1.83
2481004,1.77,1.85,1.89,1.82
2482004,1.76,1.84,1.88,1.81
2483004,1.76,1.84,1.88,1.81
2484004,1.76,1.84,1.88,1.81
2485004,1.76,1.84,1.88,1.81
2486004,1.76,1.84,1.88,1.81
2487004,1.76,1.84,1.88,1.81
2488004,1.76,1.84,1.89,1.82
2489005,1.77,1.85,1.9,1.83
2490004,1.77,1.85,1.89,1.83
2491004,1.78,1.86,1.9,1.83
2492004,1.78,1.86,1.9,1.83
2493004,1.79,1.86,1.91,1.84
2494004,1.79,1.86,1.91,1.84
2495004,1.79,1.86,1.9,1.83
2496004,1.79,1.86,1.9,1.83
2497004,1.78,1.85,1.9,1.82
2498004,1.77,1.85,1.89,1.82
2499004,1.77,1.85,1.89,1.81
2500004,1.76,1.84,1.88,1.81
2501004,1.76,1.84,1.88,1.81
2502004,1.76,1.84,1.88,1.81
2503004,1.76,1.84,1.88,1.81
2504004,1.76,1.84,1.89,1.82
2505005,1.78,1.85,1.9,1.83
2506004,1.78,1.85,1.9,1.83
2507004,1.78,1.86,1.91,1.84
2508004,1.78,1.86,1.91,1.84
2509004,1.79,1.86,1.9,1.83
2510004,1.79,1.86,1.9,1.83
2511004,1.78,1.86,1.9,1.83
2512004,1.78,1.86,1.9,1.83
2513004,1.77,1.85,1.89,1.82
2514004,1.76,1.84,1.88,1.81
2515004,1.76,1.84,1.88,1.81
2516004,1.76,1.84,1.88,1.81
2517004,1.76,1.83,1.88,1.81
2518004,1.76,1.84,1.88,1.81
2519004,1.75,1.83,1.88,1.81
2520004,1.76,1.84,1.88,1.81
2521005,1.77,1.85,1.89,1.83
2522004,1.77,1.85,1.89,1.82
2523004,1.78,1.86,1.9,1.83
2524004,1.77,1.85,1.9,1.83
2525004,1.78,1.86,1.9,1.83
2526004,1.78,1.86,1.9,1.83
2527004,1.78,1.86,1.9,1.84
2528004,1.78,1.86,1.9,1.84
2529004,1.79,1.86,1.91,1.84
2530004,1.78,1.86,1.9,1.83
2531004,1.78,1.86,1.9,1.83
2532004,1.78,1.86,1.9,1.83
2533004,1.78,1.86,1.9,1.83
2534004,1.77,1.85,1.89,1.82
2535004,1.77,1.85,1.89,1.82
2536004,1.76,1.84,1.88,1.81
2537005,1.76,1.84,1.88,1.81
2538004,1.76,1.84,1.88,1.81
2539004,1.75,1.83,1.88,1.81
2540004,1.75,1.83,1.88,1.81
2541004,1.76,1.84,1.88,1.81
2542004,1.75,1.84,1.88,1.81
2543004,1.76,1.84,1.89,1.82
2544004,1.76,1.84,1.88,1.82
2545004,1.77,1.85,1.89,1.83
2546004,1.78,1.86,1.9,1.83
2547004,1.78,1.86,1.9,1.83
2548004,1.78,1.86,1.9,1.84
2549004,1.78,1.86,1.9,1.84
2550004,1.79,1.86,1.9,1.83
2551004,1.79,1.86,1.9,1.83
2552004,1.78,1.86,1.9,1.83
2553005,1.77,1.85,1.89,1.82
2554004,1.77,1.85,1.89,1.82
2555004,1.76,1.84,1.88,1.81
2556004,1.76,1.84,1.88,1.81
2557004,1.76,1.83,1.88,1.81
2558004,1.76,1.83,1.88,1.81
2559004,1.75,1.83,1.88,1.81
2560004,1.75,1.83,1.88,1.81
2561004,1.76,1.84,1.88,1.81
2562004,1.77,1.85,1.89,1.83
2563004,1.77,1.85,1.89,1.82
2564004,1.78,1.86,1.9,1.83
2565004,1.78,1.86,1.9,1.83
2566004,1.78,1.86,1.9,1.84
2567004,1.78,1.86,1.91,1.84
2568004,1.78,1.86,1.9,1.83
2569005,1.78,1.85,1.89,1.82
2570004,1.78,1.85,1.9,1.82
2571004,1.77,1.84,1.88,1.81
2572004,1.77,1.84,1.89,1.81
2573004,1.76,1.83,1.88,1.81
2574004,1.76,1.83,1.88,1.8
2575004,1.75,1.83,1.88,1.81
2576004,1.75,1.83,1.88,1.81
2577004,1.76,1.84,1.89,1.82
2578004,1.77,1.85,1.9,1.83
2579004,1.77,1.85,1.9,1.83
2580004,1.78,1.86,1.9,1.83
2581004,1.78,1.86,1.9,1.83
2582004,1.78,1.86,1.9,1.83
2583004,1.78,1.86,1.9,1.83
2584004,1.78,1.86,1.9,1.83
2585005,1.77,1.85,1.89,1.81
2586004,1.77,1.85,1.89,1.82
2587004,1.76,1.84,1.88,1.81
2588004,1.76,1.84,1.88,1.81
2589004,1.75,1.83,1.88,1.8
2590004,1.75,1.83,1.88,1.8
2591004,1.75,1.84,1.88,1.81
2592004,1.75,1.83,1.88,1.81
2593004,1.76,1.84,1.89,1.82
2594004,1.77,1.85,1.9,1.83
2595004,1.77,1.85,1.9,1.83
2596004,1.78,1.86,1.9,1.83
2597004,1.78,1.86,1.9,1.83
2598004,1.78,1.86,1.9,1.83
2599004,1.78,1.86,1.9,1.83
2600004,1.78,1.85,1.9,1.82
2601005,1.77,1.84,1.89,1.81
2602004,1.77,1.84,1.89,1.81
2603004,1.76,1.84,1.88,1.81
2604004,1.76,1.84,1.88,1.81
2605004,1.75,1.83,1.87,1.8
2606004,1.75,1.83,1.88,1.8
2607004,1.75,1.83,1.88,1.81
2608004,1.75,1.83,1.88,1.81
2609004,1.76,1.84,1.88,1.81
2610004,1.77,1.85,1.89,1.83
2611004,1.77,1.85,1.89,1.82
2612004,1.78,1.86,1.9,1.83
2613004,1.78,1.85,1.9,1.83
2614004,1.78,1.86,1.9,1.83
2615004,1.78,1.86,1.9,1.83
2616004,1.78,1.86,1.9,1.83
2617005,1.78,1.86,1.9,1.83
2618004,1.78,1.86,1.9,1.83
2619004,1.77,1.85,1.89,1.82
2620004,1.77,1.85,1.89,1.82
2621004,1.76,1.84,1.88,1.81
2622004,1.76,1.84,1.88,1.81
2623004,1.75,1.83,1.88,1.8
2624004,1.75,1.83,1.88,1.8
2625004,1.75,1.83,1.88,1.81
2626004,1.76,1.84,1.88,1.81
2627004,1.76,1.84,1.88,1.81
2628004,1.77,1.85,1.9,1.83
2629004,1.77,1.85,1.9,1.83
2630004,1.78,1.86,1.9,1.83
2631004,1.78,1.86,1.9,1.83
2632004,1.78,1.86,1.9,1.83
2633005,1.77,1.85,1.89,1.82
2634004,1.77,1.85,1.89,1.82
2635004,1.76,1.84,1.88,1.81
2636004,1.76,1.84,1.88,1.81
2637004,1.75,1.83,1.87,1.8
2638004,1.75,1.83,1.87,1.8
2639004,1.75,1.83,1.87,1.81
2640004,1.75,1.83,1.88,1.81
2641004,1.76,1.84,1.89,1.82
2642004,1.78,1.85,1.9,1.83
2643004,1.78,1.85,1.9,1.83
2644004,1.78,1.86,1.9,1.83
2645004,1.78,1.86,1.9,1.83
2646004,1.77,1.85,1.89,1.82
2647004,1.77,1.85,1.89,1.82
2648004,1.76,1.84,1.88,1.81
2649005,1.75,1.83,1.87,1.8
2650004,1.75,1.83,1.87,1.8
2651004,1.76,1.84,1.88,1.81
2652004,1.76,1.84,1.88,1.81
2653004,1.77,1.85,1.9,1.83
2654004,1.78,1.85,1.9,1.83
2655004,1.78,1.86,1.9,1.83
2656004,1.78,1.86,1.9,1.83
2657004,1.78,1.85,1.9,1.82
2658004,1.76,1.84,1.88,1.81
2659004,1.76,1.84,1.88,1.81
2660004,1.75,1.83,1.87,1.8
2661004,1.75,1.83,1.87,1.8
2662004,1.76,1.84,1.88,1.81
2663004,1.76,1.84,1.88,1.81
2664004,1.77,1.85,1.9,1.83
2665005,1.78,1.86,1.9,1.83
2666004,1.78,1.86,1.9,1.83
2667004,1.78,1.85,1.9,1.82
2668004,1.78,1.85,1.89,1.82
2669004,1.76,1.84,1.88,1.81
2670004,1.76,1.84,1.88,1.81
2671004,1.75,1.83,1.87,1.8
2672004,1.75,1.83,1.87,1.8
2673004,1.75,1.83,1.88,1.81
2674004,1.77,1.85,1.89,1.82
2675004,1.77,1.85,1.89,1.82
2676004,1.78,1.86,1.9,1.83
2677004,1.78,1.86,1.9,1.83
2678004,1.78,1.86,1.9,1.83
2679004,1.78,1.86,1.9,1.83
2680004,1.77,1.85,1.89,1.82
2681005,1.76,1.84,1.88,1.81
2682004,1.76,1.84,1.88,1.81
2683004,1.75,1.83,1.87,1.8
2684004,1.75,1.83,1.87,1.8
2685004,1.75,1.83,1.88,1.81
2686004,1.75,1.83,1.88,1.81
2687004,1.77,1.85,1.89,1.82
2688004,1.77,1.85,1.89,1.82
2689004,1.78,1.86,1.9,1.83
2690004,1.78,1.86,1.9,1.83
2691004,1.78,1.86,1.9,1.83
2692004,1.77,1.84,1.89,1.81
2693004,1.76,1.84,1.88,1.81
2694004,1.75,1.83,1.87,1.8
2695004,1.75,1.83,1.87,1.8
2696004,1.75,1.84,1.88,1.81
2697005,1.77,1.85,1.89,1.82
2698004,1.77,1.85,1.9,1.83
2699004,1.78,1.86,1.9,1.83
2700004,1.78,1.86,1.9,1.83
2701004,1.78,1.86,1.9,1.83
2702004,1.78,1.86,1.9,1.83
2703004,1.77,1.84,1.89,1.81
2704004,1.76,1.84,1.88,1.81
2705004,1.75,1.83,1.87,1.8
2706004,1.75,1.83,1.88,1.8
2707004,1.75,1.83,1.88,1.8
2708004,1.76,1.84,1.89,1.82
2709004,1.76,1.84,1.89,1.82
2710004,1.78,1.85,1.9,1.83
2711004,1.78,1.86,1.9,1.83
2712004,1.78,1.86,1.9,1.83
2713005,1.78,1.85,1.89,1.82
2714004,1.77,1.85,1.89,1.82
2715004,1.76,1.84,1.88,1.81
2716004,1.76,1.84,1.88,1.8
2717004,1.75,1.83,1.87,1.8
2718004,1.75,1.83,1.88,1.8
2719004,1.76,1.84,1.89,1.82
2720004,1.76,1.84,1.89,1.82
2721004,1.78,1.86,1.9,1.83
2722004,1.78,1.86,1.9,1.83
2723004,1.78,1.86,1.9,1.83
2724004,1.77,1.84,1.89,1.81
2725004,1.76,1.84,1.88,1.81
2726004,1.75,1.83,1.87,1.8
2727004,1.75,1.83,1.88,1.8
2728004,1.76,1.84,1.88,1.81
2729005,1.78,1.85,1.9,1.83
2730004,1.78,1.86,1.9,1.83
2731004,1.78,1.86,1.9,1.83
2732004,1.78,1.86,1.9,1.83
2733004,1.77,1.84,1.89,1.81
2734004,1.76,1.84,1.88,1.81
2735004,1.75,1.83,1.87,1.8
2736004,1.75,1.83,1.87,1.8
2737004,1.75,1.84,1.88,1.81
2738004,1.77,1.85,1.89,1.82
2739004,1.77,1.85,1.9,1.83
2740004,1.78,1.86,1.9,1.83
2741004,1.78,1.86,1.9,1.83
2742004,1.78,1.85,1.9,1.82
2743004,1.78,1.85,1.89,1.82
2744004,1.76,1.84,1.88,1.81
2745005,1.75,1.83,1.87,1.8
2746004,1.75,1.83,1.87,1.8
2747004,1.76,1.84,1.88,1.81
2748004,1.76,1.84,1.89,1.82
2749004,1.78,1.85,1.9,1.83
2750004,1.78,1.86,1.9,1.83
2751004,1.78,1.86,1.9,1.83
2752004,1.78,1.86,1.9,1.83
2753004,1.77,1.84,1.89,1.81
2754004,1.75,1.83,1.88,1.8
2755004,1.75,1.83,1.87,1.8
2756004,1.75,1.83,1.88,1.81
2757004,1.76,1.84,1.88,1.81
2758004,1.77,1.85,1.89,1.83
2759004,1.77,1.85,1.9,1.83
2760004,1.78,1.86,1.9,1.83
2761005,1.78,1.85,1.9,1.82
2762004,1.78,1.85,1.89,1.82
2763004,1.76,1.84,1.88,1.81
2764004,1.76,1.84,1.88,1.81
2765004,1.75,1.83,1.87,1.8
2766004,1.75,1.83,1.87,1.8
2767004,1.75,1.83,1.88,1.81
2768004,1.75,1.83,1.88,1.81
2769004,1.77,1.84,1.89,1.82
2770004,1.78,1.86,1.9,1.83
2771004,1.78,1.86,1.9,1.83
2772004,1.78,1.86,1.9,1.83
2773004,1.78,1.86,1.9,1.83
2774004,1.77,1.85,1.89,1.82
2775004,1.77,1.85,1.89,1.82
2776004,1.76,1.84,1.88,1.81
2777005,1.75,1.83,1.87,1.8
2778004,1.75,1.83,1.87,1.8
2779004,1.75,1.83,1.88,1.81
2780004,1.75,1.83,1.88,1.8
2781004,1.77,1.84,1.89,1.82
2782004,1.78,1.84,1.88,1.84
2783004,1.78,1.75,1.81,1.82
2784004,1.74,1.68,1.74,1.78
2785004,1.74,1.66,1.74,1.77
2786004,1.73,1.65,1.72,1.76
2787004,1.73,1.63,1.71,1.75
2788004,1.72,1.63,1.7,1.74
2789004,1.71,1.62,1.69,1.73
2790004,1.68,1.58,1.66,1.7
2791004,1.66,1.57,1.63,1.68
2792004,1.65,1.55,1.62,1.67
2793005,1.65,1.56,1.63,1.68
2794004,1.66,1.56,1.63,1.68
2795004,1.68,1.59,1.66,1.71
2796004,1.69,1.6,1.67,1.72
2797004,1.7,1.6,1.68,1.73
2798004,1.71,1.6,1.68,1.73
2799004,1.71,1.61,1.69,1.73
2800004,1.53,1.33,1.43,1.5
2801004,1.17,0.91,1.02,1.13
2802004,1.14,0.86,0.99,1.08
2803004,1.15,0.87,0.99,1.09
2804004,1.14,0.85,0.99,1.09
2805004,1.13,0.82,0.61,1.07
2806004,1.15,0.84,0.3,1.1
2807004,1.17,0.9,0.96,1.11
2808004,0.87,0.95,0.85,1.21
2809005,0.74,1.12,0.97,1.1
2810004,0.54,0.96,0.86,0.88
2811004,-0.42,-0.09,0.03,-0.06
2812004,-0.39,-0.09,0.04,-0.09
2813004,-0.39,-0.15,-0.04,-0.07
2814004,-1.13,-0.09,-0.16,-0.02
2815004,-0.67,-0.43,-0.53,-0.35
2816004,-0.92,-0.64,-0.69,-0.6
2817004,-1.56,-1.12,-1.23,-1.29
2818004,-1.72,-1.15,-1.07,-1.4
2819004,-1.89,-1.69,-1.69,-1.82
2820004,-1.88,-1.67,-1.67,-1.82
2821004,-1.89,-1.66,-1.67,-1.82
2822004,-1.88,-1.65,-1.65,-1.81
2823004,-1.89,-1.67,-1.66,-1.82
